time,eye velocity,Simulation_reset
0.0,-0.0059585709877
0.01,0.00203577638591
0.02,0.00286914656769
0.03,0.00420593966131
0.04,0.00406744493116
0.05,0.00151462203278
0.06,-0.000499271742091
0.07,-0.00179425847745
0.08,-0.00235676239238
0.09,-0.00307818224773
0.1,-0.00240609176649
0.11,-0.00128939030673
0.12,-0.000444037299903
0.13,9.02695883835e-05
0.14,0.00174858819845
0.15,0.00224762890048
0.16,0.00202150372221
0.17,0.00185558386566
0.18,0.00127316613025
0.19,0.00060525277629
0.2,-3.8278138488e-05
0.21,-0.000424702204913
0.22,-0.000899380690875
0.23,-0.00120565012022
0.24,-0.001141762889
0.25,-0.00115633662774
0.26,-0.000962466023253
0.27,-0.000615284783671
0.28,-0.000149515096959
0.29,-6.99556222686e-06
0.3,0.000248163509115
0.31,0.000450727581407
0.32,0.000499471933429
0.33,0.00056639668224
0.34,0.000469810897422
0.35,0.000362749557375
0.36,0.000230239450177
0.37,0.000187941750503
0.38,8.97594631717e-05
0.39,-6.50240653972e-05
0.4,-0.000120052300331
0.41,-0.000135294712765
0.42,-0.000151891976996
0.43,-0.000160592090796
0.44,-0.000147009521742
0.45,-0.000117209067499
0.46,-0.000107927802546
0.47,-5.38871764744e-05
0.48,-2.00969717622e-05
0.49,-2.36206372816e-06
0.5,1.15550286067e-05
0.51,1.84299408778e-05
0.52,1.84299408778e-05
0.53,2.28126858302e-05
0.54,2.1294619484e-05
0.55,1.88154283268e-05
0.56,1.54548917276e-05
0.57,3.77581197178e-05
0.58,-2.94786141876e-05
0.59,6.35525705967e-05
0.6,4.66276208215e-05
0.61,4.09832633496e-05
0.62,4.59408750657e-05
0.63,2.29552671658e-05
0.64,9.713250418e-06
0.65,6.60642252427e-06
0.66,-1.67922393371e-05
0.67,-8.22680312701e-05
0.68,-5.36569981949e-05
0.69,-3.57895939188e-05
0.7,-4.19054379548e-05
0.71,7.01566177996e-08
0.72,3.67761561494e-05
0.73,4.4186482952e-05
0.74,4.9614002083e-05
0.75,-2.57230738733e-05
0.76,9.15851400359e-05
0.77,-8.61044513173e-06
0.78,5.51760887054e-05
0.79,7.08932953804e-05
0.8,1.03887831729e-05
0.81,7.56544311665e-05
0.82,-3.6233092908e-06
0.83,-5.64504536228e-05
0.84,-2.9468624626
0.85,-5.41678704362
0.86,-7.39476947308
0.87,-8.09782633556
0.88,-7.26456186361
0.89,-5.22374741231
0.9,-2.76498903074
0.91,-2.96877802245
0.92,-0.0619608284707
0.93,-0.238343984938
0.94,-0.240885799792
0.95,-0.214062726441
0.96,-0.176579313697
0.97,-0.134880061916
0.98,-0.0932442180658
0.99,-0.0546450608208
1.0,-0.0210163186228
1.01,0.00661086118048
1.02,0.0277616370507
1.03,0.0425028931819
1.04,0.0511455883683
1.05,0.0543251576024
1.06,0.0527498845295
1.07,0.0472874827132
1.08,0.0389068254259
1.09,0.0285538688257
1.1,0.0172501088989
1.11,0.0058958794184
1.12,0.00366601125113
1.13,-0.013895653567
1.14,-0.0211469613856
1.15,1.7828628285
1.16,-0.130738909261
1.17,-0.033241450053
1.18,0.288026098551
1.19,0.276605983802
1.2,2.08130779641
1.21,2.60012364645
1.22,3.04015594951
1.23,3.04143530522
1.24,1.97831575671
1.25,2.03883942229
1.26,0.0167238118959
1.27,0.0396534028688
1.28,0.0949541952238
1.29,0.0946305421019
1.3,0.086005634236
1.31,0.0672853759643
1.32,0.0493680006184
1.33,0.0314585832936
1.34,0.0148931963192
1.35,0.000518961308534
1.36,-0.0111267023343
1.37,-0.0198827222386
1.38,-0.0257762325589
1.39,-0.0290386543228
1.4,-0.0299297629175
1.41,-0.0288612127099
1.42,-0.026243797168
1.43,-0.0224984339553
1.44,-0.0180567807445
1.45,-0.0133193569666
1.46,-0.00867529530312
1.47,-0.00440435805553
1.48,-0.000795755531335
1.49,0.00201513857259
1.5,-0.937065108464
1.51,-0.883247928405
1.52,-0.740359300675
1.53,-0.638472106541
1.54,-0.5211684216
1.55,-0.441015616977
1.56,-0.383128216907
1.57,-0.310177456104
1.58,-0.256535695576
1.59,-0.212271205202
1.6,-0.173986323547
1.61,-0.174783193297
1.62,-0.0181957587783
1.63,0.770740159464
1.64,2.8085249455
1.65,5.26415504296
1.66,7.20246380974
1.67,7.89328605199
1.68,7.05524279423
1.69,5.0947770987
1.7,2.70181801868
1.71,0.822296820888
1.72,0.183914786281
1.73,0.242070423875
1.74,0.228750898577
1.75,0.197159692392
1.76,0.15756673216
1.77,0.115383113186
1.78,0.0743840090881
1.79,0.0372243002708
1.8,0.00549790361854
1.81,-0.0199936239158
1.82,-0.038944722085
1.83,-0.0404847688943
1.84,-0.0581975844188
1.85,-0.0596184683618
1.86,-0.0565526104832
1.87,-0.0499422070866
1.88,-0.0407494540343
1.89,-0.0299529525841
1.9,-0.0185199476783
1.91,-0.00733310789425
1.92,0.00281927664481
1.93,0.0113657330781
1.94,0.0178484305948
1.95,-1.48279109168
1.96,-1.39847639522
1.97,-1.18843501713
1.98,-1.22704705533
1.99,-0.837319394974
2.0,-0.685322543651
2.01,-0.571352454136
2.02,-0.58976344702
2.03,-0.395555026881
2.04,-0.319968188889
2.05,-0.271173156755
2.06,-0.2112114872
2.07,-0.166025577275
2.08,-0.135271166464
2.09,-0.0953201811563
2.1,-0.0703866142579
2.11,-0.0499929100553
2.12,-0.0251510101771
2.13,-0.015250001779
2.14,-0.00603208066734
2.15,0.00103246575682
2.16,0.00442715971198
2.17,0.00542806511662
2.18,0.00481850184182
2.19,0.00308185921607
2.2,0.000740758537715
2.21,-0.00183447476228
2.22,-0.00430124348479
2.23,-0.00637656850176
2.24,-0.00637656850176
2.25,-0.00880274799418
2.26,-0.00902359965822
2.27,-0.00866910251915
2.28,-0.0077887654357
2.29,-0.00653097693939
2.3,-0.00502871423924
2.31,-0.00345464719355
2.32,-0.00189820669704
2.33,-0.00110988165757
2.34,0.000358643673804
2.35,0.00136434347582
2.36,0.0020871419919
2.37,0.00246664175373
2.38,0.00246394595713
2.39,0.00220956312035
2.4,0.00189975270584
2.41,0.00143529573796
2.42,0.00122675323908
2.43,0.000987417607336
2.44,0.00071964510037
2.45,-2.94659571385
2.46,-4.45416331332
2.47,-7.3257545964
2.48,-8.08851978977
2.49,-7.2573647594
2.5,-5.21543639175
2.51,-3.18704930911
2.52,-2.99413554509
2.53,-0.0582307200904
2.54,-0.234006153116
2.55,-0.234006153116
2.56,-0.212548207703
2.57,-0.176195792416
2.58,-0.135367223821
2.59,-0.0943605955484
2.6,-0.0561733300681
2.61,-0.0227686254445
2.62,0.0047955431339
2.63,0.0260204255565
2.64,0.0409489624452
2.65,0.0498717515801
2.66,0.0533974736791
2.67,0.0522080976641
2.68,0.0471439377777
2.69,0.0391466777908
2.7,0.0291372833013
2.71,0.0181156836627
2.72,0.00696790747976
2.73,-0.00353121446241
2.74,-0.0126630359478
2.75,-0.0199540020586
2.76,1.62396499386
2.77,1.53084964115
2.78,1.32073848901
2.79,1.34130641094
2.8,1.3443539299
2.81,0.746916930226
2.82,0.621890320154
2.83,0.52150594879
2.84,0.436554069339
2.85,0.359206852385
2.86,0.298763799008
2.87,0.240326082727
2.88,0.192139251506
2.89,0.149261148237
2.9,0.147633018268
2.91,0.0810752631946
2.92,0.0577430496458
2.93,0.0394821949891
2.94,0.0192235015589
2.95,0.00875244367389
2.96,0.00174920136686
2.97,0.00195696386934
2.98,-0.00402554824528
2.99,-0.00405469934705
3.0,-0.00305108314718
3.01,-0.000294919130932
3.02,0.00144213191115
3.03,0.00466347925424
3.04,0.00682297835331
3.05,0.00841836626724
3.06,0.00936476770323
3.07,0.00962512360738
3.08,0.00949573885809
3.09,0.00838343619395
3.1,0.00704858002672
3.11,0.00547119101016
3.12,0.0038196377556
3.13,0.00219160010782
3.14,0.00114324260509
3.15,-0.000450814999637
3.16,-0.00127800347074
3.17,-0.00210261957797
3.18,-0.00241770397888
3.19,-0.00275006357133
3.2,-0.00227686064125
3.21,-0.00214777670337
3.22,-0.00623582368724
3.23,-0.00577613717817
3.24,-0.0054893919059
3.25,2.94457198884
3.26,5.41720084204
3.27,7.39733332772
3.28,8.10125669205
3.29,7.26730116887
3.3,5.22450764343
3.31,2.76335202888
3.32,0.736581193486
3.33,0.177699087506
3.34,0.177699087506
3.35,0.226375058196
3.36,0.195864880669
3.37,0.157281160552
3.38,0.11601414044
3.39,0.111895006415
3.4,0.0392688105127
3.41,0.00797342389566
3.42,-0.0172985423555
3.43,-0.0362436417143
3.44,-0.0490242633547
3.45,-0.0560404344208
3.46,-0.0579325772132
3.47,-0.0579325772132
3.48,-0.0493435334947
3.49,-0.0406640130295
3.5,-0.030303866818
3.51,-0.0192012109386
3.52,-0.00822334556659
3.53,0.0018434814566
3.54,0.0104180418941
3.55,0.0170244740542
3.56,-1.44378655217
3.57,-1.36097751769
3.58,-1.1750254716
3.59,-0.986801687939
3.6,-0.826187667648
3.61,-0.693318471907
3.62,-0.58303409308
3.63,-0.530412513887
3.64,-0.413544350718
3.65,-0.348247089849
3.66,-0.348247089849
3.67,-0.221567818215
3.68,-0.175180325898
3.69,-0.136574300054
3.7,-0.103648087193
3.71,-0.0759660027414
3.72,-0.0531896214334
3.73,-0.0349817159374
3.74,-0.0231776299972
3.75,-0.010737810406
3.76,-0.0076928614766
3.77,0.000547669769739
3.78,0.00269693565148
3.79,0.00285985810711
3.8,0.00170114192678
3.81,0.000758003954858
3.82,-0.00238436560076
3.83,-0.00459030075675
3.84,-0.0064535283909
3.85,-0.00776262501837
3.86,-0.00852559022541
3.87,-0.00884658700524
3.88,-0.00975852269184
3.89,-0.0075790258058
3.9,-0.00629391675118
3.91,-0.00486036615408
3.92,-0.00439338920146
3.93,-0.00184907460962
3.94,-0.000447594571266
3.95,0.000525722722313
3.96,0.00149156494377
3.97,0.0020719270612
3.98,0.0021300691999
3.99,0.00261206794835
4.0,0.00214991898135
4.01,0.00179831473126
4.02,0.00155673704205
4.03,0.00136891714796
4.04,-0.813372055123
4.05,-2.90023212562
4.06,-2.63383445319
4.07,-5.265998911
4.08,-7.40855814618
4.09,-7.32054927146
4.1,-5.2208278036
4.11,-2.75234003013
4.12,-0.820541142601
4.13,-0.165299298046
4.14,-0.226832128999
4.15,-0.216609198127
4.16,-0.188542858979
4.17,-0.152657175766
4.18,-0.114053773116
4.19,-0.0763247105837
4.2,-0.0727176115406
4.21,-0.0124251650119
4.22,0.0114036140082
4.23,0.0293249210415
4.24,0.0414213416126
4.25,0.0481191662083
4.26,0.0499553874686
4.27,0.0476874180055
4.28,0.0420787796614
4.29,0.0339936036341
4.3,0.0243453611132
4.31,0.0139708117932
4.32,0.00373256590456
4.33,-0.00567537945147
4.34,-0.0065609848722
4.35,-0.0137126756198
4.36,1.14182470155
4.37,1.07412050348
4.38,1.07419515728
4.39,0.936549365068
4.4,0.626700852127
4.41,0.509849514376
4.42,0.442439938791
4.43,0.441448960001
4.44,0.294731709821
4.45,0.238935485256
4.46,0.19487727595
4.47,0.196216678622
4.48,0.122864248359
4.49,0.0916033195087
4.5,0.0670218397117
4.51,0.047064280937
4.52,0.042139087721
4.53,0.0268069157563
4.54,0.0111901626846
4.55,-0.000294409361534
4.56,-0.00514918509881
4.57,-0.00719878649924
4.58,-0.00742394504407
4.59,-0.00740079461612
4.6,-0.00518571504861
4.61,-0.00329778522602
4.62,0.000415682236054
4.63,0.00215604433454
4.64,0.00470700237561
4.65,0.00615003057874
4.66,0.00676213061578
4.67,0.00728261310455
4.68,0.00697291194056
4.69,0.00630200942632
4.7,0.00529400168222
4.71,0.00508136624639
4.72,0.00359653605928
4.73,0.00138745042455
4.74,0.000392726629695
4.75,-0.000741807353365
4.76,-0.00138810331932
4.77,-0.00185575648334
4.78,-0.00204995462362
4.79,-0.002025762608
4.8,-0.00217181303779
4.81,-0.00187068363216
4.82,-0.00573515397351
4.83,-0.00534475618949
4.84,0.810122414537
4.85,2.89885953643
4.86,5.41551956192
4.87,7.4010769733
4.88,8.10629767456
4.89,8.08798321438
4.9,5.18392434147
4.91,2.76645175902
4.92,0.840787425737
4.93,1.0014153819
4.94,0.200529391349
4.95,0.231574827215
4.96,0.205329565901
4.97,0.166712508419
4.98,0.124424641767
4.99,0.0827858291652
5.0,0.0445851252052
5.01,0.0116392804764
5.02,-0.0151201541715
5.03,-0.0353847667365
5.04,-0.0492005721061
5.05,-0.0569908468112
5.06,-0.0593579080466
5.07,-0.0571069145337
5.08,-0.0510761054341
5.09,-0.0422588269162
5.1,-0.0316412697492
5.11,-0.0201885827936
5.12,-0.00881726657746
5.13,0.00167785089352
5.14,0.010629839277
5.15,0.0114250715022
5.16,-1.81169788445
5.17,0.127977292163
5.18,0.0288266503926
5.19,0.0147270780139
5.2,-0.303137848497
5.21,-1.10661452586
5.22,-2.07291771045
5.23,-2.62062747839
5.24,-2.76544007177
5.25,-1.98924935935
5.26,-1.04766621921
5.27,-0.309667371681
5.28,-0.121618905381
5.29,-0.0843862345124
5.3,-0.0809572580698
5.31,-0.0703311228624
5.32,-0.0564382781105
5.33,-0.0413366112696
5.34,-0.0265102074658
5.35,-0.0130091159157
5.36,-0.00148358561023
5.37,0.00770477336048
5.38,0.0144919575245
5.39,0.0189104729677
5.4,0.0211904843644
5.41,0.0215647512053
5.42,0.0204056445918
5.43,0.0180209679853
5.44,0.0161483720183
5.45,0.0114186450261
5.46,0.00866110901053
5.47,0.00329918777395
5.48,-0.000121262304379
5.49,-0.00301214882568
5.5,-0.00519521247426
5.51,0.381280978879
5.52,0.359434544453
5.53,0.310278097912
5.54,0.260740891767
5.55,0.21858328977
5.56,0.182568067253
5.57,0.144552059369
5.58,0.124296197717
5.59,0.133882580847
5.6,0.0861871542965
5.61,0.0694933397408
5.62,0.00877238082651
5.63,0.0113614097788
5.64,-0.796569035187
5.65,-2.86484152283
5.66,-5.35669705763
5.67,-7.32311973055
5.68,-8.02268059808
5.69,-7.05504110199
5.7,-4.52946541314
5.71,-2.67666390244
5.72,-0.837113747604
5.73,-1.00475336889
5.74,-0.214596768862
5.75,-0.24566209607
5.76,-0.218886084274
5.77,-0.179093477277
5.78,-0.135257011771
5.79,-0.0918960304584
5.8,-0.0520044827751
5.81,-0.0174868629037
5.82,0.0106284210353
5.83,0.0319335530034
5.84,0.0465458731085
5.85,0.0548345209127
5.86,0.0574772835559
5.87,0.0552424810409
5.88,0.0491042578768
5.89,0.0400228414964
5.9,0.0290301974844
5.91,0.0171683856505
5.92,0.00534889896757
5.93,-0.00554811340113
5.94,-0.0148707156069
5.95,-0.0221744592859
5.96,1.66483273886
5.97,-0.169311544562
5.98,-0.0370726640003
5.99,-0.0202287763921
6.0,0.330106780556
6.01,2.32873483445
6.02,2.97212075379
6.03,3.05805842961
6.04,3.05805842961
6.05,2.20256718054
6.06,1.1632507313
6.07,0.349120290558
6.08,0.0728211368338
6.09,0.0982405934183
6.1,0.0926471630467
6.11,0.0806940167424
6.12,0.0620002106633
6.13,0.0437312944174
6.14,0.0260187551171
6.15,0.0100011488487
6.16,-0.00354675604724
6.17,-0.0142783232834
6.18,-0.0221336420642
6.19,-0.0271657931434
6.2,-0.0296336949756
6.21,-0.0298522637684
6.22,-0.0282384181069
6.23,-0.02516589217
6.24,-0.0211046698937
6.25,-0.0164774337192
6.26,-0.0116757231373
6.27,-0.0116757231373
6.28,-0.00292871636555
6.29,0.000475261697582
6.3,0.00304274540547
6.31,-0.646536253003
6.32,-0.609483091903
6.33,-0.51849964118
6.34,-0.441250526356
6.35,-0.365468916152
6.36,-0.376507354205
6.37,-0.253141772182
6.38,-0.26449696736
6.39,-0.168084443517
6.4,-0.161853839474
6.41,-0.114360426068
6.42,-0.018107218747
6.43,-0.0215177684345
6.44,0.592725033111
6.45,2.84336449855
6.46,4.71530674291
6.47,7.24943726846
6.48,7.97614730777
6.49,7.27437486302
6.5,5.15038295839
6.51,5.32558257683
6.52,0.681542208522
6.53,0.17694328196
6.54,0.253656610605
6.55,0.248443283838
6.56,0.214842186723
6.57,0.174890221182
6.58,0.131096852038
6.59,0.126684706154
6.6,0.0479285026488
6.61,0.0134537909591
6.62,-0.0145772896863
6.63,-0.0358041892322
6.64,-0.0503514179126
6.65,-0.0585919026126
6.66,-0.0611965256192
6.67,-0.0589636538213
6.68,-0.0528482698623
6.69,-0.0437987052007
6.7,-0.0427743737568
6.71,-0.0210881003463
6.72,-0.00936205060151
6.73,0.00147101934289
6.74,0.010751759068
6.75,0.0179843123183
6.76,0.0229391299293
6.77,0.0229391299293
6.78,0.0258883152232
6.79,-0.296705259033
6.8,-0.257981562825
6.81,-2.1171123755
6.82,-1.98344152563
6.83,-3.18585529843
6.84,-2.86196993855
6.85,-2.06123372006
6.86,-1.09475921255
6.87,-0.298077812562
6.88,-0.0788013782706
6.89,-0.0892830578081
6.9,-0.0965866957871
6.91,-0.0830364978993
6.92,-0.0659939586789
6.93,-0.0478101580892
6.94,-0.0301480797829
6.95,-0.0141518299387
6.96,-0.000546718457235
6.97,0.0103004056443
6.98,0.0182586337584
6.99,0.0182586337584
7.0,0.0260376718317
7.01,0.0263815815907
7.02,0.0263044397048
7.03,0.02179538816
7.04,0.0177243145029
7.05,0.013033364024
7.06,0.00816006187
7.07,0.003437196066
7.08,-0.000776582617628
7.09,-0.00398235185409
7.1,-0.00690832965426
7.11,0.596227781003
7.12,0.554530086622
7.13,0.485619931052
7.14,0.407996743922
7.15,0.341762543313
7.16,0.352454073773
7.17,0.296564602866
7.18,0.198927358322
7.19,0.169500873824
7.2,0.132896071306
7.21,0.107853624605
7.22,0.0127869260356
7.23,0.016588043525
7.24,-0.787380372552
7.25,-0.745404333317
7.26,-5.53702611852
7.27,-7.29137092145
7.28,-7.9637398796
7.29,-7.14107103613
7.3,-5.13224499328
7.31,-2.71297113022
7.32,-0.816097388446
7.33,-0.173711305378
7.34,-0.235293602585
7.35,-0.224971764788
7.36,-0.196197974936
7.37,-0.159164747859
7.38,-0.119131803099
7.39,-0.0799059743428
7.4,-0.0440774053451
7.41,-0.0132556146953
7.42,0.0117012255835
7.43,0.0305116687715
7.44,0.0432710339308
7.45,0.0504067912664
7.46,0.0524717835452
7.47,0.0502323090623
7.48,0.0444806066789
7.49,0.0361626627423
7.5,0.0261646027946
7.51,0.0153997438589
7.52,0.00474521005146
7.53,-0.00508863343891
7.54,-0.0134528582386
7.55,-0.016298005094
7.56,1.13695712536
7.57,1.07201113481
7.58,0.925275211913
7.59,0.77725933662
7.6,0.797098126234
7.61,0.662804178798
7.62,0.455533218663
7.63,0.355268509622
7.64,0.29224380093
7.65,0.300356442092
7.66,0.244517284618
7.67,0.159070794244
7.68,0.116994690947
7.69,0.094122658348
7.7,0.0748906233496
7.71,0.0458617916288
7.72,0.0408153756651
7.73,0.015726899478
7.74,0.00518656451716
7.75,-0.00166970183574
7.76,-0.00578500929785
7.77,-0.00772755644965
7.78,-0.00805591179119
7.79,-0.00697271539361
7.8,-0.00509209046093
7.81,-0.00272917968662
7.82,-0.000414667641233
7.83,0.00159994105156
7.84,0.00428337394619
7.85,0.00586833437981
7.86,0.00683577592239
7.87,0.00721243540018
7.88,0.0070439212276
7.89,0.00642803488389
7.9,0.00545153509278
7.91,0.00427282432751
7.92,0.00297681513971
7.93,0.0017131514633
7.94,0.000537445446769
7.95,-9.92446814472e-05
7.96,-0.00104497322844
7.97,-0.00173509588807
7.98,-0.0019983232184
7.99,-0.00204121142111
8.0,-0.00189040227974
8.01,-0.00159683472761
8.02,-0.00546550919356
8.03,-0.00508692332565
8.04,0.810325840798
8.05,0.810325840798
8.06,5.41535723719
8.07,7.40078652483
8.08,7.29075842027
8.09,7.31832847785
8.1,5.23139374169
8.11,2.76437695876
8.12,0.83193021357
8.13,-0.166038796805
8.14,0.298495190621
8.15,0.223318784018
8.16,0.192880969968
8.17,0.154577771963
8.18,0.113739990238
8.19,0.113739990238
8.2,0.0380180373272
8.21,0.0072414003187
8.22,-0.0175269321495
8.23,-0.0360049809583
8.24,-0.048369082137
8.25,-0.0550827810375
8.26,-0.0567154187903
8.27,-0.0540430365381
8.28,-0.0479016483526
8.29,-0.0392336903393
8.3,-0.0289321533932
8.31,-0.0179554172341
8.32,-0.00715815175586
8.33,0.00272176300051
8.34,0.0110816310416
8.35,0.0175114175529
8.36,0.0180429471276
8.37,-1.36376844551
8.38,-1.27788299688
8.39,-0.988716139009
8.4,-0.827807928719
8.41,-0.851872780648
8.42,-0.575209526537
8.43,-0.447234158843
8.44,-0.388143564094
8.45,-0.31357967087
8.46,-0.256685062686
8.47,-0.207876310017
8.48,-0.165327874065
8.49,-0.161946331103
8.5,-0.0946773808302
8.51,-0.0655169990211
8.52,-0.0435309737042
8.53,-0.026721186481
8.54,-0.0217489300176
8.55,-0.00640243520034
8.56,0.00171609007333
8.57,0.00518722781077
8.58,0.00637387773761
8.59,0.00577372668342
8.6,0.00432808665281
8.61,0.00162728144876
8.62,-0.00026231092721
8.63,-0.00354211992316
8.64,-0.00572438110026
8.65,-0.00769617670467
8.66,-0.00808600789348
8.67,-0.00856565232149
8.68,-0.00944319219301
8.69,-0.0088562623285
8.7,-0.0075265492212
8.71,-0.00455435325398
8.72,-0.0029556813749
8.73,-0.00151187172253
8.74,-0.000221963223899
8.75,0.000531273324345
8.76,0.00168624319186
8.77,0.0022481058538
8.78,0.0027039968217
8.79,0.00250790160673
8.8,0.00250790160673
8.81,0.00232206837683
8.82,0.00202225806806
8.83,0.0018549724396
8.84,-0.812976752736
8.85,-0.767387259314
8.86,-5.53463396138
8.87,-7.4029887221
8.88,-8.09312149465
8.89,-7.25672121021
8.9,-5.21457916157
8.91,-2.75556570478
8.92,-2.96008780388
8.93,-0.0541173208596
8.94,-0.127546340677
8.95,-0.23589561119
8.96,-0.210444158102
8.97,-0.174172513341
8.98,-0.133529655587
8.99,-0.0927314909038
9.0,-0.0547928318999
9.01,-0.021631692998
9.02,0.00568350341126
9.03,0.0267061122332
9.04,0.0284613413826
9.05,0.0502541714493
9.06,0.0536924020194
9.07,0.0537651603735
9.08,0.0473992997784
9.09,0.0394102663193
9.1,0.0294839401094
9.11,0.0185285181057
9.12,0.0074446007252
9.13,-0.00294005410514
9.14,-0.0120015743959
9.15,-0.0192048220817
9.16,1.58173975531
9.17,1.49096287424
9.18,1.28629263756
9.19,1.07937855915
9.2,0.902849534805
9.21,0.756858610264
9.22,0.610020908644
9.23,0.531409364776
9.24,0.435257828889
9.25,0.360626598517
9.26,0.296824501773
9.27,0.23954052059
9.28,0.192882599509
9.29,0.160162251088
9.3,0.11571363461
9.31,0.109672233378
9.32,0.0600030139957
9.33,0.0529439802689
9.34,0.0187955778359
9.35,0.00908515873988
9.36,0.00382277019108
9.37,-0.00432401608808
9.38,-0.00610531817196
9.39,-0.00585362920995
9.4,-0.00585362920995
9.41,-0.00293351375675
9.42,-0.00011195939634
9.43,0.00331995135718
9.44,0.00543044437589
9.45,0.0076679223699
9.46,0.00841205138866
9.47,0.00879390529523
9.48,0.00837125823748
9.49,0.00783193294824
9.5,0.0066826575249
9.51,0.0064655305845
9.52,0.00365177206082
9.53,0.00202610191427
9.54,0.000630729903464
9.55,-0.000186829045852
9.56,-0.00129612318573
9.57,-0.00172598457597
9.58,-0.00233324157125
9.59,-0.00265757651432
9.6,-0.00222797831088
9.61,-0.00226396943172
9.62,-0.00548860332107
9.63,-0.00508097215722
9.64,0.810299467925
9.65,0.764665848174
9.66,5.53538772146
9.67,7.40509694923
9.68,8.09573292375
9.69,7.25869676195
9.7,5.21504519715
9.71,2.75420088794
9.72,0.824698070634
9.73,0.170881747097
9.74,0.233096180061
9.75,0.222533716255
9.76,0.193469433199
9.77,0.15621235163
9.78,0.116042555293
9.79,0.0767682718739
9.8,0.040923677202
9.81,0.0101018046147
9.82,-0.0148415699632
9.83,-0.0336730505625
9.84,-0.0464703282281
9.85,-0.0536461355335
9.86,-0.0558223424419
9.87,-0.0536678566992
9.88,-0.0480222828655
9.89,-0.039752918665
9.9,-0.0298061316382
9.91,-0.0190422126123
9.92,-0.00835173054837
9.93,0.00151702923798
9.94,0.00243521639134
9.95,0.00996223474708
9.96,-1.24860878609
9.97,-1.17697499579
9.98,-1.01571354561
9.99,-0.852987144462
10.0,-0.714388317822
10.01,-0.599959327325
10.02,-0.618783830731
10.03,-0.432600090581
10.04,-0.343285990594
10.05,-0.28418945314
10.06,-0.243304309956
10.07,-0.236898605976
10.08,-0.14911451913
10.09,-0.112511712468
10.1,-0.0837847425653
10.11,-0.0604564265071
10.12,-0.0413703535006
10.13,-0.0261379182163
10.14,-0.0144111428884
10.15,-0.00590260881943
10.16,-0.00301108579229
10.17,0.00233627549318
10.18,0.00466224349346
10.19,0.0047000618086
10.2,0.00310608042182
10.21,0.00186235590217
10.22,-0.0011324820456
10.23,-0.00333743386616
10.24,-0.00522279792715
10.25,-0.00669824951938
10.26,-0.00747469585515
10.27,-0.00775670698361
10.28,-0.00751238389205
10.29,-0.00684267308866
10.3,-0.00701282551278
10.31,-0.00453929925801
10.32,-0.00321180097251
10.33,-0.00263907773802
10.34,-0.00119684734179
10.35,1.65685160987e-05
10.36,0.00128897716636
10.37,0.00182289817411
10.38,0.00223321588535
10.39,0.00210331044416
10.4,0.00226867891706
10.41,0.00163901357466
10.42,0.00202994293918
10.43,0.00184347372246
10.44,-0.812969220921
10.45,-0.767355243061
10.46,-2.89858159184
10.47,-6.96537964055
10.48,-6.69274362444
10.49,-5.91065399229
10.5,-4.22717470202
10.51,-2.08329109233
10.52,-0.714606208554
10.53,-0.161743146713
10.54,-0.194786011867
10.55,-0.183670028269
10.56,-0.159106938602
10.57,-0.128267850052
10.58,-0.0953267068136
10.59,-0.0633116855034
10.6,-0.0342100165975
10.61,-0.00930477146361
10.62,0.0107744595024
10.63,0.0258471026987
10.64,0.0360312471613
10.65,0.0416653369359
10.66,0.0432136955288
10.67,0.0431700841412
10.68,0.0365507034704
10.69,0.0297218915498
10.7,0.0215201490828
10.71,0.013618897347
10.72,0.00401656488106
10.73,-0.00401905956948
10.74,-0.0108532832096
10.75,-0.0161730886624
10.76,0.114994817368
10.77,0.107759093989
10.78,0.0929003715185
10.79,0.0929003715185
10.8,0.0688216918704
10.81,0.0612199138443
10.82,0.0554369372423
10.83,0.0506716725762
10.84,0.0462618864066
10.85,0.0418101677557
10.86,0.0442486187777
10.87,0.0317507872728
10.88,0.0260544822255
10.89,0.0207808125414
10.9,0.0158002580029
10.91,0.0111239349386
10.92,0.00693676082944
10.93,0.00333784053463
10.94,0.00074828521471
10.95,-0.00165331839975
10.96,-0.00290223952971
10.97,-0.00360952020309
10.98,-0.00390381222655
10.99,-0.00355833499678
11.0,-0.00345949267059
11.01,-0.00256015315381
11.02,-0.000996223990739
11.03,-4.97245942053e-05
11.04,0.000747317375537
11.05,0.0013408569881
11.06,0.00178812198288
11.07,0.00202135321515
11.08,0.00198950753452
11.09,0.00194585728741
11.1,0.00201830143514
11.11,0.00201830143514
11.12,0.000969474395821
11.13,0.000865287200693
11.14,0.00027605982214
11.15,9.4162189091e-05
11.16,-0.000231543210183
11.17,-0.000443763871581
11.18,-0.000550269062012
11.19,-0.00056359452425
11.2,-0.000553738789816
11.21,-0.000466119471045
11.22,-0.00441807963753
11.23,-0.00416160606994
11.24,0.811046285777
11.25,0.765197872694
11.26,5.53564984119
11.27,7.20536286458
11.28,6.97320116234
11.29,6.22368481137
11.3,4.46010219217
11.31,2.24378947231
11.32,2.42569377164
11.33,2.42569377164
11.34,0.423116487857
11.35,0.248476859496
11.36,0.183221950607
11.37,0.150622890436
11.38,0.114194039763
11.39,0.0777517412493
11.4,0.0439728062981
11.41,0.0145087764229
11.42,-0.00969377602145
11.43,-0.0282264531435
11.44,-0.0411511399368
11.45,-0.0487274442288
11.46,-0.0514946877897
11.47,-0.0501441280734
11.48,-0.0453853829452
11.49,-0.0380670285507
11.5,-0.0290320003776
11.51,-0.0191641711204
11.52,-0.0191641711204
11.53,4.5681395303e-05
11.54,0.0080565955957
11.55,0.0143955425511
11.56,-0.972810713256
11.57,-0.916383628148
11.58,-0.790445011489
11.59,-0.663701580529
11.6,-0.680674573052
11.61,-0.460489974592
11.62,-0.378179924306
11.63,-0.316259234319
11.64,-0.265832026708
11.65,-0.222400384824
11.66,-0.226477752304
11.67,-0.180031806588
11.68,-0.152923678286
11.69,-0.0759368617446
11.7,-0.0615726784336
11.71,-0.043602149018
11.72,-0.0290559962314
11.73,-0.0174237454776
11.74,-0.0138204509604
11.75,-0.00199009659433
11.76,0.000351906313625
11.77,0.00473791583932
11.78,0.00545693293202
11.79,0.00505625062748
11.8,0.00456491296674
11.81,0.00192289301046
11.82,-0.000118151904627
11.83,-0.00206789551169
11.84,-0.003736315155
11.85,-0.00506320245634
11.86,-0.00584374044721
11.87,-0.00685475073325
11.88,-0.00603692243237
11.89,-0.00547168082796
11.9,-0.00467975503145
11.91,-0.00368256066542
11.92,-0.00276899409214
11.93,-0.00248632156443
11.94,-0.00100749804727
11.95,-5.93725747825e-05
11.96,0.00101034648657
11.97,0.00149192257989
11.98,0.00184410034649
11.99,0.00197665373107
12.0,0.00162466220546
12.01,0.00166989606601
12.02,0.00192958440831
12.03,0.00179288328067
12.04,-0.813016630069
12.05,-0.767337500608
12.06,-5.53480941555
12.07,-7.03236771314
12.08,-7.04776583863
12.09,-6.36120094807
12.1,-4.57483112891
12.11,-4.81308293245
12.12,-2.37527334006
12.13,-0.0565535375937
12.14,-0.221440128611
12.15,-0.226581284443
12.16,-0.203589158716
12.17,-0.169683463202
12.18,-0.131090643242
12.19,-0.091996952682
12.2,-0.0554023398572
12.21,-0.0231995341471
12.22,0.00346253675849
12.23,0.012438683681
12.24,0.0387337039027
12.25,0.0476281686551
12.26,0.0513274051334
12.27,0.0513274051334
12.28,0.0459600763801
12.29,0.0385514411237
12.3,0.0292110480431
12.31,0.0188055422071
12.32,0.00824672443179
12.33,-0.00173278752127
12.34,-0.0104891045739
12.35,-0.017517457636
12.36,-0.0225617843657
12.37,1.34020679998
12.38,1.2656414654
12.39,1.09392939262
12.4,0.91984713593
12.41,0.771020022566
12.42,0.6476065947
12.43,0.544812147983
12.44,0.45796358012
12.45,0.38341653157
12.46,0.318662336512
12.47,0.262047221331
12.48,0.212494325337
12.49,0.16930999026
12.5,0.131997648681
12.51,0.100220912164
12.52,0.0736077814697
12.53,0.0518540112128
12.54,0.0345497632192
12.55,0.021336027291
12.56,0.0117188793217
12.57,0.00521445353663
12.58,0.0013345016872
12.59,0.000638062919216
12.6,-0.000348438572396
12.61,0.000206176137075
12.62,0.00154064081487
12.63,0.00336346745243
12.64,0.00516407919969
12.65,0.00670065783657
12.66,0.00778171941725
12.67,0.00858077974478
12.68,0.00839895100187
12.69,0.00839895100187
12.7,0.00827720458434
12.71,0.00698550934549
12.72,0.00441768813116
12.73,0.00277099073246
12.74,0.00218172203974
12.75,0.000225962369197
12.76,-0.000786320627864
12.77,-0.00140969179979
12.78,-0.00197915487982
12.79,-0.00219437907276
12.8,-0.0021917815568
12.81,-0.00199939443759
12.82,-0.00202469248936
12.83,-0.00202469248936
12.84,-0.00473385002952
12.85,2.94449309983
12.86,5.41644428946
12.87,6.59282573795
12.88,6.47334696266
12.89,5.91215156191
12.9,4.26553653256
12.91,2.12229825397
12.92,2.29564972473
12.93,0.0675335358548
12.94,0.344547663895
12.95,0.198948721929
12.96,0.174362525126
12.97,0.141540860876
12.98,0.105712249355
12.99,0.070400252448
13.0,0.0379710043624
13.01,0.00999375371519
13.02,-0.0127469130235
13.03,-0.0127469130235
13.04,-0.0416716863207
13.05,-0.048288672163
13.06,-0.0502846509716
13.07,-0.0483448891705
13.08,-0.0432587504501
13.09,-0.0357914532305
13.1,-0.0268039501259
13.11,-0.0171068083607
13.12,-0.00750128452026
13.13,0.00138176788526
13.14,0.00684431044094
13.15,0.0148499456422
13.16,-0.818457386757
13.17,-0.771181705791
13.18,-0.769101788506
13.19,-0.553381111786
13.2,-0.455765550054
13.21,-0.38144131334
13.22,-0.31755264125
13.23,-0.333273800476
13.24,-0.236680360383
13.25,-0.244635630353
13.26,-0.220570046554
13.27,-0.114428541062
13.28,-0.0873096976654
13.29,-0.0664452774085
13.3,-0.0515285378816
13.31,-0.0347271897289
13.32,-0.0221553311827
13.33,-0.0123784926762
13.34,-0.00490682319135
13.35,0.000401280180744
13.36,0.00381032428627
13.37,0.00555306094261
13.38,0.00593375124031
13.39,0.005294424373
13.4,0.00392660275293
13.41,0.00216227965758
13.42,0.000914753504813
13.43,-0.0016100240181
13.44,-0.00323951508321
13.45,-0.00443507783344
13.46,-0.00515577329339
13.47,-0.00610435739381
13.48,-0.00537465253202
13.49,-0.00488290425068
13.5,-0.00435325900242
13.51,-0.00328975064179
13.52,-0.00229152401602
13.53,-0.00149636023274
13.54,-0.000584123143584
13.55,0.000284440931018
13.56,0.000855129834767
13.57,0.00125080363128
13.58,0.00144693534146
13.59,0.0015192122521
13.6,0.00141998272693
13.61,0.00144320789253
13.62,0.00200230667639
13.63,0.00183077365709
13.64,-0.81297927272
13.65,-2.90012610278
13.66,-5.41487694016
13.67,-7.39895505114
13.68,-6.94268013161
13.69,-6.98973097327
13.7,-3.95360105628
13.71,-4.17643649072
13.72,-0.158932898176
13.73,-0.198743425073
13.74,-0.233214551592
13.75,-0.218757790912
13.76,-0.188832350781
13.77,-0.151630008996
13.78,-0.112050132767
13.79,-0.0736715532755
13.8,-0.0389011834558
13.81,-0.00925358079491
13.82,0.0145642011409
13.83,0.0322968560916
13.84,0.0441085392711
13.85,0.0504332973702
13.86,0.0518725583604
13.87,0.0491703025942
13.88,0.0431348463104
13.89,0.0346879674268
13.9,0.0246964991376
13.91,0.0140863560775
13.92,0.00364361980063
13.93,-0.00586169560829
13.94,-0.0138961556101
13.95,-0.0200594358807
13.96,1.27089285806
13.97,1.19873876886
13.98,1.03498699319
13.99,0.869469708562
14.0,0.728320619281
14.01,0.749886202789
14.02,0.486223258446
14.03,0.413272151725
14.04,0.335570248402
14.05,0.345087955427
14.06,0.233105278642
14.07,0.177656224128
14.08,0.136433938587
14.09,0.112452362129
14.1,0.0791335604665
14.11,0.0738273630454
14.12,0.0416899264407
14.13,0.0390955332444
14.14,0.0154590464115
14.15,0.000629216468472
14.16,-0.00465062716137
14.17,-0.00647923619564
14.18,-0.00768741255157
14.19,-0.00681402873323
14.2,-0.00609105142465
14.21,-0.00357397599359
14.22,0.000241625294909
14.23,0.00275742405886
14.24,0.00483573913153
14.25,0.00637806762842
14.26,0.00730476679194
14.27,0.00769037951581
14.28,0.00740699755772
14.29,0.00796115819637
14.3,0.00568291672433
14.31,0.00433894972945
14.32,0.00297746497304
14.33,0.00166238867911
14.34,0.00168944038142
14.35,0.000451589646877
14.36,-0.001332351936
14.37,-0.0018429628381
14.38,-0.00212366781154
14.39,-0.00238867610892
14.4,-0.00198234026484
14.41,-0.00168067587129
14.42,-0.00571257202678
14.43,-0.00468904391129
14.44,0.810673117826
14.45,2.89906780948
14.46,2.89906780948
14.47,7.54896504176
14.48,7.14009351534
14.49,6.30467365198
14.5,4.50438296811
14.51,2.26872801033
14.52,0.502323366445
14.53,0.169346803702
14.54,0.208429853887
14.55,0.195814645863
14.56,0.168550516507
14.57,0.134664977422
14.58,0.0987242495281
14.59,0.063904070944
14.6,0.0324170573318
14.61,0.00555031895052
14.62,-0.0159806910272
14.63,-0.0320286168804
14.64,-0.0427429730369
14.65,-0.0484823614221
14.66,-0.0498297214428
14.67,-0.0474002122623
14.68,-0.0419587731157
14.69,-0.0343389960333
14.7,-0.0253087485725
14.71,-0.0156940396904
14.72,-0.00622784348127
14.73,0.00240680735733
14.74,0.00973314937937
14.75,0.0153482776379
14.76,0.0190639639493
14.77,-0.635145090344
14.78,-0.600916810254
14.79,-0.517048414121
14.8,-0.439748312157
14.81,-0.452751061987
14.82,-0.309280954211
14.83,-0.253247449431
14.84,-0.214961107205
14.85,-0.222524415531
14.86,-0.147837266833
14.87,-0.118641658385
14.88,-0.0951452094271
14.89,-0.0782336668669
14.9,-0.0577588238932
14.91,-0.042028014459
14.92,-0.0292089201794
14.93,-0.0184518082125
14.94,-0.0104448360368
14.95,-0.00411333968724
14.96,-0.000217366187711
14.97,0.00172413530902
14.98,0.00391074149825
14.99,0.0040981822406
15.0,0.00339771479633
15.01,0.00215811773707
15.02,0.00122017937745
15.03,-0.000598803756886
15.04,-0.00234176790972
15.05,-0.00350568268661
15.06,-0.00429414746962
15.07,-0.00473693750936
15.08,-0.0047881549744
15.09,-0.00453485390983
15.1,-0.00403087830756
15.11,-0.00332256496381
15.12,-0.00316018823225
15.13,-0.00218116796158
15.14,-0.000754238952342
15.15,-0.000754238952342
15.16,0.000475107785822
15.17,0.000987451009837
15.18,0.00126000081071
15.19,0.00139261817461
15.2,0.00136743529879
15.21,0.00141442729122
15.22,0.00199079503347
15.23,0.00189494066834
15.24,-0.812870001221
15.25,-2.89995261925
15.26,-2.77838269079
15.27,-6.92897217344
15.28,-6.27431287656
15.29,-5.6519188657
15.3,-4.05788733583
15.31,-4.19700333551
15.32,-0.455089308091
15.33,-0.182957554667
15.34,-0.203382129832
15.35,-0.191910854238
15.36,-0.167110653817
15.37,-0.142092468873
15.38,-0.101226780432
15.39,-0.0677158705069
15.4,-0.0459086886402
15.41,-0.010819928305
15.42,0.0104441451496
15.43,0.0140737547767
15.44,0.0373476349568
15.45,0.0433997806559
15.46,0.0451581757909
15.47,0.043243205782
15.48,0.0383704414815
15.49,0.0312814504555
15.5,0.0227956389171
15.51,0.0136438571441
15.52,0.00458412862757
15.53,-0.00378857762817
15.54,-0.0109108866262
15.55,-0.0164571138894
15.56,0.462912726007
15.57,0.437860201665
15.58,0.376176537361
15.59,0.339820332576
15.6,0.268043025896
15.61,0.276778669127
15.62,0.187499106043
15.63,0.15609554801
15.64,0.132231666636
15.65,0.118082123955
15.66,0.0947248088103
15.67,0.0769020570313
15.68,0.0792953143576
15.69,0.0486846710868
15.7,0.0368066163237
15.71,0.0264696164394
15.72,0.0177124938488
15.73,0.0105911768001
15.74,0.00503585778332
15.75,0.00100067000313
15.76,-0.0016872702297
15.77,-0.00279230206234
15.78,-0.00370212117258
15.79,-0.00340646932577
15.8,-0.003104030646
15.81,-0.00140127816724
15.82,-7.23108245941e-05
15.83,0.00118565644656
15.84,0.00223811592527
15.85,0.00315906138308
15.86,0.00357792183342
15.87,0.00378887756021
15.88,0.00369925124296
15.89,0.0039679697699
15.9,0.00345510847543
15.91,0.00280802097493
15.92,0.00146830645175
15.93,0.00123024946058
15.94,0.00016869529427
15.95,-0.000140621239989
15.96,-0.000719594617949
15.97,-0.000975095353384
15.98,-0.00117072398769
15.99,-0.00114164768649
16.0,-0.00117923785835
16.01,-0.00102549295364
16.02,-0.000841612732633
16.03,-0.00425979653343
16.04,0.811128340149
16.05,2.89937474482
16.06,2.6327679756
16.07,7.22293042703
16.08,7.12282638636
16.09,6.10208779946
16.1,4.35515173456
16.11,2.17136027921
16.12,0.263680918558
16.13,0.169526036474
16.14,0.218515504589
16.15,0.205261714
16.16,0.176196549318
16.17,0.172868720194
16.18,0.102420259785
16.19,0.0658268045719
16.2,0.0327788437014
16.21,0.00468932650683
16.22,-0.0177900638904
16.23,-0.0344208174165
16.24,-0.0454084471306
16.25,-0.0511737086233
16.26,-0.0522728216827
16.27,-0.0494590728006
16.28,-0.0434850248149
16.29,-0.0352277838756
16.3,-0.0255962228143
16.31,-0.0153929060603
16.32,-0.00542818720786
16.33,0.00363194101183
16.34,0.0112177687521
16.35,0.0170210405797
16.36,-1.02575444618
16.37,-0.967370146016
16.38,-0.835314697184
16.39,-0.70209357345
16.4,-0.58872877934
16.41,-0.495168999272
16.42,-0.41755305908
16.43,-0.365656179938
16.44,-0.296030652692
16.45,-0.247221232062
16.46,-0.20433711158
16.47,-0.16657786148
16.48,-0.133418002667
16.49,-0.104504385253
16.5,-0.0796472221079
16.51,-0.0589552939703
16.52,-0.0412311802503
16.53,-0.0273171237292
16.54,-0.0165603568217
16.55,-0.00867410247768
16.56,-0.00275064621123
16.57,-1.50857459568e-05
16.58,0.00169412944135
16.59,0.00182902580896
16.6,0.00180188724761
16.61,-0.000318783575881
16.62,-0.0017281275722
16.63,-0.00324615858713
16.64,-0.00496923169621
16.65,-0.00592235860183
16.66,-0.00658525371264
16.67,-0.00671614941552
16.68,-0.00644851043548
16.69,-0.00579046120028
16.7,-0.00487896952303
16.71,-0.00381056746356
16.72,-0.00344347605423
16.73,-0.00152011921597
16.74,-0.000447581660839
16.75,0.000100635926085
16.76,0.00103467033688
16.77,0.00144212001697
16.78,0.00154221037186
16.79,0.00170271977199
16.8,0.00160140606406
16.81,0.00134155474537
16.82,0.00214014740155
16.83,0.00208575810953
16.84,-0.515229907221
16.85,-2.8785786701
16.86,-5.41186280008
16.87,-5.41186280008
16.88,-7.22879435883
16.89,-6.9026767049
16.9,-4.65801937308
16.91,-4.78681919724
16.92,-1.14675655587
16.93,-0.70691156046
16.94,-0.196882593736
16.95,-0.217608584905
16.96,-0.194588044374
16.97,-0.160232481853
16.98,-0.121916821932
16.99,-0.118053425191
17.0,-0.048357714759
17.01,-0.0175835364484
17.02,0.00764170093595
17.03,0.0269080806265
17.04,0.0403058806631
17.05,0.0481371157728
17.06,0.0509548560968
17.07,0.049461395923
17.08,0.044449168327
17.09,0.0367880389339
17.1,0.027351877418
17.11,0.0170615383267
17.12,0.00670989949713
17.13,-0.00292785105242
17.14,-0.0112856550171
17.15,-0.0178729410896
17.16,1.24228648105
17.17,1.24228648105
17.18,0.982144677893
17.19,1.02346130455
17.2,0.687292829414
17.21,0.722254653102
17.22,0.458682145576
17.23,0.372659912511
17.24,0.30905480719
17.25,0.256992941645
17.26,0.211655202197
17.27,0.179313140431
17.28,0.170264080777
17.29,0.0998602074591
17.3,0.0745085271263
17.31,0.052100636088
17.32,0.0339485930631
17.33,0.0198318621968
17.34,0.0163516167744
17.35,0.00121834707033
17.36,-0.00115436344572
17.37,-0.00659799262146
17.38,-0.00728523659527
17.39,-0.006420344136
17.4,-0.00459225547563
17.41,-0.00223178216069
17.42,0.000264519357116
17.43,0.00217537084413
17.44,0.00470974775702
17.45,0.00623860450448
17.46,0.0071672788661
17.47,0.00748560006962
17.48,0.00827675618373
17.49,0.00662192727142
17.5,0.00540575876981
17.51,0.00415078398936
17.52,0.0028159928613
17.53,0.00220365151666
17.54,0.000293210951863
17.55,-0.000735305115672
17.56,-0.00148707882432
17.57,-0.00195221222157
17.58,-0.00216755027039
17.59,-0.00215049080719
17.6,-0.00198421315134
17.61,-0.00165524417418
17.62,-0.00288318230952
17.63,-0.00431938274813
17.64,0.810895921599
17.65,2.89917331812
17.66,5.41532028233
17.67,5.26653972848
17.68,7.451840044
17.69,6.57944281641
17.7,4.7137628557
17.71,2.41387092771
17.72,0.598734926299
17.73,0.169182351845
17.74,0.214072798831
17.75,0.20146218868
17.76,0.173415910252
17.77,0.138543897845
17.78,0.101539900319
17.79,0.0656985058536
17.8,0.0333016078764
17.81,0.00567901769791
17.82,-0.0164440470745
17.83,-0.0329155060985
17.84,-0.0438421882594
17.85,-0.0496652306719
17.86,-0.050951646096
17.87,-0.0483649071593
17.88,-0.0427157992446
17.89,-0.0347841946957
17.9,-0.0254393952662
17.91,-0.0155446809929
17.92,-0.00582074105016
17.93,0.00304330509018
17.94,0.0105303090148
17.95,0.016241094735
17.96,0.0200287644353
17.97,-0.852298075791
17.98,-0.805983859822
17.99,-0.706694771163
18.0,-0.589056633192
18.01,-0.494136906119
18.02,-0.509647954745
18.03,-0.34475187937
18.04,-0.296641524651
18.05,-0.245582207183
18.06,-0.204291372441
18.07,-0.207427979259
18.08,-0.134133433236
18.09,-0.135256136639
18.1,-0.0996263796485
18.11,-0.0742422320838
18.12,-0.0333371506294
18.13,-0.0185638901652
18.14,-0.0086866496344
18.15,-0.00181876757332
18.16,0.000976831566713
18.17,0.0057776965202
18.18,0.00697770512536
18.19,0.00698557543978
18.2,0.0069482788964
18.21,0.00532948510483
18.22,0.00219138272843
18.23,0.000105689519638
18.24,-0.00172951426457
18.25,-0.00325199563484
18.26,-0.00402350206275
18.27,-0.00503916998359
18.28,-0.00585864970771
18.29,-0.00510291161642
18.3,-0.00526317100531
18.31,-0.00383131442022
18.32,-0.00297243234118
18.33,-0.0020378121977
18.34,-0.0020378121977
18.35,-0.000282402464797
18.36,0.000454426220461
18.37,0.000961320632989
18.38,0.0012011092141
18.39,0.00129826319776
18.4,0.00151857429486
18.41,0.00225718922067
18.42,0.00224629191273
18.43,0.00219337235292
18.44,-2.94531644195
18.45,-5.41582835429
18.46,-7.22216977988
18.47,-7.77397259317
18.48,-6.97423585059
18.49,-5.01791977899
18.5,-2.36897751757
18.51,-2.81587714691
18.52,-0.0640232430391
18.53,-0.232721074639
18.54,-0.234893890744
18.55,-0.208574821036
18.56,-0.171772718526
18.57,-0.130850424529
18.58,-0.0899689734033
18.59,-0.0520838570564
18.6,-0.0191138251869
18.61,0.00794295916318
18.62,0.0286486293626
18.63,0.0430569108774
18.64,0.0514938136338
18.65,0.0545867957909
18.66,0.0530379922837
18.67,0.0477016811278
18.68,0.039511194036
18.69,0.0294206353712
18.7,0.0183879947244
18.71,0.0072890369386
18.72,-0.00304533388152
18.73,-0.0120068662551
18.74,-0.0190843680587
18.75,1.64990995446
18.76,1.44651518206
18.77,1.34230078054
18.78,1.1266866871
18.79,1.15395225563
18.8,0.843531262315
18.81,0.817811452775
18.82,0.67661726548
18.83,0.541412467524
18.84,0.310070851385
18.85,0.241000235278
18.86,0.244256107987
18.87,0.146457148318
18.88,0.115004176956
18.89,0.0759284840401
18.9,0.0759284840401
18.91,0.0464356734605
18.92,0.0162497224552
18.93,0.00667392825071
18.94,-0.00856920571961
18.95,-0.0136789462566
18.96,-0.0157514342374
18.97,-0.015048922175
18.98,-0.0128231350796
18.99,-0.0111329899418
19.0,-0.00694678584045
19.01,-0.00194335548808
19.02,0.00166229275559
19.03,0.00471146228931
19.04,0.00710504187801
19.05,0.00859932646582
19.06,0.00927229030696
19.07,0.00919011165217
19.08,0.00840059803058
19.09,0.00721004212418
19.1,0.00693525743426
19.11,0.00379711183972
19.12,0.00402222258537
19.13,0.00108640876701
19.14,-0.000972272018536
19.15,-0.00203209652751
19.16,-0.00270229142058
19.17,-0.00303715848559
19.18,-0.00305794789182
19.19,-0.00283233154437
19.2,-0.00283233154437
19.21,-0.00511903745366
19.22,-0.00474515283617
19.23,0.810596467827
19.24,2.8988423868
19.25,5.41492143016
19.26,5.26620967624
19.27,7.11466089145
19.28,5.9640928221
19.29,4.20736568564
19.3,4.44530562644
19.31,0.360359196418
19.32,0.269027178274
19.33,0.206938552797
19.34,0.188428825276
19.35,0.160441585101
19.36,0.126915339754
19.37,0.0918400509813
19.38,0.0918400509813
19.39,0.028000088579
19.4,0.00244245454946
19.41,-0.0178575191817
19.42,-0.0328072793004
19.43,-0.0328072793004
19.44,-0.0475390049447
19.45,-0.048429122842
19.46,-0.0454353198325
19.47,-0.0397859397326
19.48,-0.0320761867106
19.49,-0.0231470131126
19.5,-0.013729269866
19.51,-0.0127913870228
19.52,-0.00115166260079
19.53,0.0105931309629
19.54,0.0158018678534
19.55,-0.533395168817
19.56,-0.500819649483
19.57,-0.434563478545
19.58,-0.366259922807
19.59,-0.37667679716
19.6,-0.270943821124
19.61,-0.223257668237
19.62,-0.188870903401
19.63,-0.160565004315
19.64,-0.165515040724
19.65,-0.111649150123
19.66,-0.0893712023202
19.67,-0.0748045451557
19.68,-0.0642528771589
19.69,-0.0468577049919
19.7,-0.0398403751743
19.71,-0.0390289641198
19.72,-0.00878265858781
19.73,-0.00229200814138
19.74,0.00113891601283
19.75,0.00418021367508
19.76,0.00535079753234
19.77,0.00543654925122
19.78,0.00494899063638
19.79,0.00383433453358
19.8,0.00244215140797
19.81,0.00131697599569
19.82,-0.00048623615699
19.83,-0.00057505791959
19.84,-0.00281355199474
19.85,-0.00362118851425
19.86,-0.00371990372483
19.87,-0.00424333344639
19.88,-0.00340318010161
19.89,-0.00340318010161
19.9,-0.00228742673768
19.91,-0.0016141864381
19.92,-0.00132854554057
19.93,-0.000611871215545
19.94,0.000181914212357
19.95,0.000642472071421
19.96,0.000802605697799
19.97,0.00116400317205
19.98,0.00109744480938
19.99,0.00101856882635
20.0,0.000885583796741
20.01,0.0021807282517
20.02,0.00198889679712
20.03,-0.812828762809
20.04,-2.90007209733
20.05,-5.41498316234
20.06,-6.59594734138
20.07,-6.37783487339
20.08,-5.80537933714
20.09,-5.80537933714
20.1,-2.06964357314
20.11,-2.23971825095
20.12,-0.30042163709
20.13,-0.220292598797
20.14,-0.200357383462
20.15,-0.173509142247
20.16,-0.140138359809
20.17,-0.104252552526
20.18,-0.10066349666
20.19,-0.0371849541774
20.2,-0.0371849541774
20.21,0.0123993782914
20.22,0.0289872315011
20.23,0.0401287541644
20.24,0.0462079237367
20.25,0.0477438276648
20.26,0.045456747169
20.27,0.0400731578679
20.28,0.032416122933
20.29,0.0233328117386
20.3,0.0136394939414
20.31,0.00410350512215
20.32,-0.00463432316807
20.33,-0.0120104521464
20.34,-0.0176995380404
20.35,-0.0214716632612
20.36,0.856482710073
20.37,0.810326919576
20.38,0.701618524941
20.39,0.620516849142
20.4,0.620516849142
20.41,0.414081887802
20.42,0.427873477305
20.43,0.29483121769
20.44,0.247780521494
20.45,0.206551491314
20.46,0.170130259866
20.47,0.137945435021
20.48,0.109634159353
20.49,0.0850366406366
20.5,0.081850227706
20.51,0.0452911337735
20.52,0.0295507936402
20.53,0.0180854343968
20.54,0.00976574288191
20.55,0.00391368587555
20.56,0.0020681941425
20.57,-0.0018777781249
20.58,-0.00279111049032
20.59,-0.0024893307471
20.6,-0.00177500632323
20.61,8.75863651693e-05
20.62,0.00166959571843
20.63,0.00176297281142
20.64,0.00433349769916
20.65,0.00519492491448
20.66,0.00623986478201
20.67,0.00566415712104
20.68,0.00566415712104
20.69,0.00484493159054
20.7,0.00390171729136
20.71,0.00299540430039
20.72,0.002004335505
20.73,0.00107970256865
20.74,0.000334978198523
20.75,-0.000207783740715
20.76,-0.000959574871114
20.77,-0.00125860918772
20.78,-0.00145178288452
20.79,-0.00136553663099
20.8,-0.00132120361849
20.81,-0.00433704308111
20.82,-0.00410980688341
20.83,0.811070641476
20.84,2.89914527104
20.85,5.41504083082
20.86,7.15581662373
20.87,6.66906382523
20.88,6.69927469241
20.89,4.12675933071
20.9,4.27651552059
20.91,0.210497942411
20.92,0.46664761655
20.93,0.204459776696
20.94,0.206888168696
20.95,0.180470377549
20.96,0.145416890113
20.97,0.107642681871
20.98,0.0707446050136
20.99,0.0371385515828
21.0,0.00833224533903
21.01,-0.0149075687316
21.02,-0.0322934728622
21.03,-0.0439911605157
21.04,-0.0503555755647
21.05,-0.0520033869016
21.06,-0.0495887409831
21.07,-0.0491557858753
21.08,-0.0359381066112
21.09,-0.0264047711605
21.1,-0.0162472690741
21.11,-0.00621479419414
21.12,0.00297435168576
21.13,0.0107312061863
21.14,0.0167166192306
21.15,-1.08927370384
21.16,-1.02484069072
21.17,-0.886683269061
21.18,-0.745090979786
21.19,-0.62444324062
21.2,-0.524809224558
21.21,-0.465711527159
21.22,-0.41172778825
21.23,-0.30885449193
21.24,-0.25734596521
21.25,-0.212535310765
21.26,-0.166093396527
21.27,-0.138522372803
21.28,-0.107439041265
21.29,-0.0816098800289
21.3,-0.0775639636957
21.31,-0.0431326662758
21.32,-0.0254974764578
21.33,-0.014449832798
21.34,-0.00661670107679
21.35,-0.0013782297132
21.36,0.00027365081776
21.37,0.00306557630539
21.38,0.00311993198626
21.39,0.00216922363874
21.4,0.000576591849219
21.41,-0.00125796882194
21.42,-0.00247003472246
21.43,-0.00462855751526
21.44,-0.0055146942985
21.45,-0.00653800024747
21.46,-0.00676939203816
21.47,-0.00655497759681
21.48,-0.00593592555673
21.49,-0.00540424901646
21.5,-0.00397017745361
21.51,-0.00359992437237
21.52,-0.00151734048959
21.53,-0.000419045580823
21.54,0.000444170410824
21.55,0.00110273441624
21.56,0.00152220773737
21.57,0.00175527837385
21.58,0.0017999345241
21.59,0.00170416587891
21.6,0.00142710264643
21.61,0.00258379783511
21.62,0.00238677578747
21.63,-0.679376134181
21.64,-2.89989005216
21.65,-2.63341143382
21.66,-6.91645542226
21.67,-6.21177491821
21.68,-5.40998486614
21.69,-3.84656664023
21.7,-4.05929426684
21.71,-0.208173019268
21.72,-0.337229704747
21.73,-0.198490443365
21.74,-0.174547239323
21.75,-0.148655079258
21.76,-0.118126870186
21.77,-0.0861591965389
21.78,-0.0554297250908
21.79,-0.02782410776
21.8,-0.00440714912524
21.81,0.0142543280269
21.82,0.0279948379361
21.83,0.0370240977724
21.84,0.0413935769118
21.85,0.042473955304
21.86,0.0399793837246
21.87,0.0349094705204
21.88,0.0279418214246
21.89,0.0198098306994
21.9,0.0189617180363
21.91,0.00287088250072
21.92,-0.00470437622125
21.93,-0.0110633027177
21.94,-0.0158605147751
21.95,0.0611645351823
21.96,0.0573754802818
21.97,0.0497773370604
21.98,0.0433453731141
21.99,0.0401244445754
22.0,0.0364279720566
22.01,0.034709960484
22.02,0.0332436156811
22.03,0.036861967843
22.04,0.0292449041111
22.05,0.0261879866062
22.06,0.0275609550501
22.07,0.0198155414124
22.08,0.0157613880969
22.09,0.0123209154046
22.1,0.00835202719272
22.11,0.0039181892433
22.12,0.00242931028255
22.13,-0.00039258899728
22.14,-0.00291852093846
22.15,-0.0039475313905
22.16,-0.00439279855526
22.17,-0.0043364728197
22.18,-0.0038144622497
22.19,-0.00308008719191
22.2,-0.00222521316061
22.21,-0.00130057671553
22.22,-0.000434657141652
22.23,0.000309108525292
22.24,0.000797875323779
22.25,0.00132091974069
22.26,0.00151218097624
22.27,0.00182235841942
22.28,0.00161133828373
22.29,0.00140120220198
22.3,0.00135604470221
22.31,0.000818684339092
22.32,0.000470286864344
22.33,0.000233459442734
22.34,-1.5255483941e-05
22.35,-0.000155500357982
22.36,-0.000332196375315
22.37,-0.000407721650573
22.38,-0.000432500116192
22.39,-0.000417272022116
22.4,-0.000372789150189
22.41,-0.00248725175348
22.42,-0.00340225336415
22.43,-0.00345801263002
22.44,2.94551082809
22.45,5.41719207956
22.46,5.87458519129
22.47,6.46238840885
22.48,5.85997945622
22.49,4.20969407602
22.5,2.07748667791
22.51,0.378549729027
22.52,0.169698025485
22.53,0.199193317568
22.54,0.185424731075
22.55,0.158618952437
22.56,0.125968101086
22.57,0.0916276543767
22.58,0.058578430522
22.59,0.0288308815563
22.6,0.00358737812781
22.61,-0.0165520361588
22.62,-0.0314590217964
22.63,-0.041263549406
22.64,-0.0463857976489
22.65,-0.047320391343
22.66,-0.0447480882423
22.67,-0.0393314161488
22.68,-0.0318776667382
22.69,-0.0231674152387
22.7,-0.0139420288079
22.71,-0.00494941039733
22.72,0.00324102387761
22.73,0.0101176043126
22.74,0.0153189759203
22.75,-0.390379432789
22.76,-0.367818684312
22.77,-0.325767098872
22.78,-0.26865694565
22.79,-0.237119360562
22.8,-0.192282255288
22.81,-0.200624039667
22.82,-0.139655493195
22.83,-0.116937086682
22.84,-0.0988833678477
22.85,-0.0988833678477
22.86,-0.0689203332671
22.87,-0.0582995366388
22.88,-0.0414804282886
22.89,-0.0421460984613
22.9,-0.0232175421705
22.91,-0.0146166595462
22.92,-0.013331074807
22.93,-0.00409137908496
22.94,-0.00167268907658
22.95,0.000256657667645
22.96,0.00400260319549
22.97,0.00428907745715
22.98,0.00382249575517
22.99,0.00292380866047
23.0,0.0023730079951
23.01,0.000474429298477
23.02,-0.00034593366679
23.03,-0.00181468415858
23.04,-0.00263306215042
23.05,-0.00314620594337
23.06,-0.00324419109305
23.07,-0.00330654097806
23.08,-0.0031367607799
23.09,-0.00260697294484
23.1,-0.00204628590163
23.11,-0.00147187656853
23.12,-0.0012420643155
23.13,-0.0012420643155
23.14,0.00014131514847
23.15,0.000467961479551
23.16,0.000720143507715
23.17,0.000832154568173
23.18,0.000849972264587
23.19,0.000843382693048
23.2,0.000844399283989
23.21,0.00219255838569
23.22,0.00219255838569
23.23,-0.812796412882
23.24,-2.90010780858
23.25,-5.41506633624
23.26,-7.06627871079
23.27,-6.82257251744
23.28,-5.51410231374
23.29,-3.93059697035
23.3,-2.26270065624
23.31,-0.257814104919
23.32,-0.243728359199
23.33,-0.204327148507
23.34,-0.187022955843
23.35,-0.15816882496
23.36,-0.124165605634
23.37,-0.0890892429767
23.38,-0.0557877779511
23.39,-0.0261234543421
23.4,-0.00124275110915
23.41,0.018388258291
23.42,0.0326616629775
23.43,0.0417578816811
23.44,0.0461479327996
23.45,0.0463786072547
23.46,0.043137968395
23.47,0.0371430074704
23.48,0.0292284110767
23.49,0.0201603453084
23.5,0.0192095022344
23.51,0.00162398628086
23.52,-0.00652001595168
23.53,-0.013236358552
23.54,-0.0182162399186
23.55,0.443093193772
23.56,0.494240234664
23.57,0.443467147293
23.58,0.374700984173
23.59,0.315974949553
23.6,0.267701377502
23.61,0.227816666225
23.62,0.194173084308
23.63,0.200343338688
23.64,0.170104079171
23.65,0.140837728818
23.66,0.0902701955024
23.67,0.0675863507637
23.68,0.0534262140477
23.69,0.0432378262136
23.7,0.029441421615
23.71,0.0195334028635
23.72,0.0107663515016
23.73,0.00443430738324
23.74,0.000185176982103
23.75,-0.00222164601441
23.76,-0.00402748905421
23.77,-0.0044209783049
23.78,-0.0039867801474
23.79,-0.00300878444071
23.8,-0.00231568775207
23.81,-0.000798240903788
23.82,0.00097246416172
23.83,0.00183152301766
23.84,0.00327866092792
23.85,0.00414845453258
23.86,0.00452055426099
23.87,0.00397655095079
23.88,0.00429499025312
23.89,0.00313737701443
23.9,0.00237274078229
23.91,0.00166893825357
23.92,0.00138096027916
23.93,0.000612774194442
23.94,-0.000243855224486
23.95,-0.000679098947863
23.96,-0.000961443718863
23.97,-0.00110715448296
23.98,-0.00111669460029
23.99,-0.00107135777048
24.0,-0.000941467336047
24.01,-0.000908242281007
24.02,-0.00390735549386
24.03,0.81140789585
24.04,0.765640904528
24.05,2.54799569525
24.06,7.05551744593
24.07,7.15095686747
24.08,7.14557561382
24.09,4.38618355448
24.1,2.17059292484
24.11,0.431076401708
24.12,0.575422864253
24.13,0.176596129748
24.14,0.187984699967
24.15,0.165565132404
24.16,0.134340427823
24.17,0.10037204333
24.18,0.0669758518149
24.19,0.0363919783931
24.2,0.0100185886185
24.21,-0.0114129101679
24.22,-0.0276427465527
24.23,-0.0387772945225
24.24,-0.0451036571154
24.25,-0.047149375946
24.26,-0.0454827420812
24.27,-0.0408353206579
24.28,-0.0339023863649
24.29,-0.0255021818366
24.3,-0.0164035147456
24.31,-0.00909008544473
24.32,0.000313274446016
24.33,0.00835527562551
24.34,0.0140418135826
24.35,-0.349945788214
24.36,-0.328978313881
24.37,-0.283614476555
24.38,-0.238928516179
24.39,-0.201927380853
24.4,-0.172148987809
24.41,-0.177769997509
24.42,-0.125853630922
24.43,-0.105954280003
24.44,-0.0901620552329
24.45,-0.0763996042335
24.46,-0.0637573912679
24.47,-0.0519930927147
24.48,-0.0513567291183
24.49,-0.0307587378516
24.5,-0.0213433531807
24.51,-0.0138484207172
24.52,-0.00787689108842
24.53,-0.00323317066019
24.54,-0.00323317066019
24.55,0.00170406481005
24.56,0.00362643353535
24.57,0.00417915190256
24.58,0.00433930046976
24.59,0.00305967459886
24.6,0.00193683627611
24.61,0.000738057071448
24.62,-0.000439851682159
24.63,-0.00144967852087
24.64,-0.00224861934448
24.65,-0.0027990798664
24.66,-0.0030707994216
24.67,-0.00314263886993
24.68,-0.00332332101693
24.69,-0.00247572269735
24.7,-0.0024382536659
24.71,-0.00124954497146
24.72,-0.000776654729058
24.73,-0.000253281734964
24.74,0.00014439949265
24.75,0.000496576992236
24.76,0.000712664452177
24.77,0.000807668990734
24.78,0.000869288376606
24.79,0.000823357721338
24.8,0.000819389237803
24.81,0.000713757610049
24.82,0.00218242701777
24.83,0.00202287250772
24.84,-2.9459249889
24.85,-5.41677955197
24.86,-7.08464568033
24.87,-6.39862045668
24.88,-5.71931469341
24.89,-4.38470327041
24.9,-2.00592273216
24.91,-0.335344629974
24.92,-0.181522957735
24.93,-0.205944659699
24.94,-0.190289960915
24.95,-0.162056330265
24.96,-0.128234727081
24.97,-0.0929598455777
24.98,-0.0592359918677
24.99,-0.0290385592318
25.0,-0.0290385592318
25.01,0.016721822474
25.02,0.031607743764
25.03,0.0413008569978
25.04,0.0461817167687
25.05,0.0468421301791
25.06,0.0439259873972
25.07,0.0381883390114
25.08,0.0303890133193
25.09,0.0213771505764
25.1,0.0119015802733
25.11,0.00268936984802
25.12,-0.00562610641736
25.13,-0.0125594397294
25.14,-0.0177748214698
25.15,0.522135034294
25.16,0.492511190388
25.17,0.425579752758
25.18,0.370901400145
25.19,0.303253960171
25.2,0.313296278136
25.21,0.221859657749
25.22,0.178502293214
25.23,0.149477793963
25.24,0.126165274554
25.25,0.0983198873274
25.26,0.0859530186766
25.27,0.0703344904037
25.28,0.0545192168553
25.29,0.0386015058533
25.3,0.0260698171034
25.31,0.0244053906804
25.32,0.010086940886
25.33,0.00349766937814
25.34,-0.000735751189238
25.35,-0.00309935061186
25.36,-0.00472778888955
25.37,-0.00472778888955
25.38,-0.0052076394679
25.39,-0.00316575352696
25.4,-0.0027286296758
25.41,-0.000719920089079
25.42,0.000613883390025
25.43,0.0024233393632
25.44,0.00334636617688
25.45,0.00389199106927
25.46,0.00455983869698
25.47,0.00455983869698
25.48,0.0042449957411
25.49,0.00298059085614
25.5,0.00291442079827
25.51,0.00201613751527
25.52,0.000768011660761
25.53,0.000120576396691
25.54,-0.000230970089558
25.55,-0.000772161617007
25.56,-0.00102794832393
25.57,-0.00124495167494
25.58,-0.00117671556404
25.59,-0.00106880228613
25.6,-0.00101769607583
25.61,-0.00390843096608
25.62,-0.00364710602578
25.63,0.841663151237
25.64,2.90212303491
25.65,5.41488888648
25.66,7.11082867181
25.67,7.12838605504
25.68,7.29236006082
25.69,7.31121859603
25.7,2.43115891587
25.71,2.62369181484
25.72,0.0709070574935
25.73,0.224194214542
25.74,0.223720105252
25.75,0.223476612052
25.76,0.160602608242
25.77,0.120736873075
25.78,0.0813059641931
25.79,0.0450126962448
25.8,0.0135923396681
25.81,-0.0119999749284
25.82,-0.031416571205
25.83,-0.031416571205
25.84,-0.0523248262951
25.85,-0.0547602350559
25.86,-0.0528094676724
25.87,-0.0472714956022
25.88,-0.0390909204091
25.89,-0.0291466312621
25.9,-0.0183977199297
25.91,-0.00770059359464
25.92,0.00221427777064
25.93,0.0106969052839
25.94,0.0114498558549
25.95,-1.48156464475
25.96,-1.39681617108
25.97,-1.393218086
25.98,-1.00136920718
25.99,-1.03637790784
26.0,-0.644057172291
26.01,-0.545001224447
26.02,-0.441984912302
26.03,-0.367803392178
26.04,-0.305427389445
26.05,-0.30972806579
26.06,-0.19959946616
26.07,-0.15314406711
26.08,-0.116334818023
26.09,-0.0860948637417
26.1,-0.0694148272342
26.11,-0.040850821197
26.12,-0.0235157989874
26.13,-0.0113572110041
26.14,-0.00283273400911
26.15,0.00260070762777
26.16,0.00509058215088
26.17,0.00617856011621
26.18,0.00537472335147
26.19,0.00347305225475
26.2,0.0009840813327
26.21,-0.00170468927429
26.22,-0.00424274138467
26.23,-0.00640041672857
26.24,-0.0078500826329
26.25,-0.00887455314369
26.26,-0.00912193321953
26.27,-0.00954656939229
26.28,-0.00793272447242
26.29,-0.0064097706301
26.3,-0.00467746498421
26.31,-0.00323573803892
26.32,-0.00257404771016
26.33,-0.000385771202324
26.34,0.000841127025063
26.35,0.00173043187555
26.36,0.00244065513453
26.37,0.00267390766952
26.38,0.00266343708191
26.39,0.00240680949922
26.4,0.00202727674412
26.41,0.00193593901173
26.42,0.00292170297053
26.43,-0.812170267439
26.44,-2.89967993206
26.45,-5.41483682188
26.46,-7.28823626284
26.47,-7.34253299106
26.48,-6.50270512268
26.49,-4.68199211481
26.5,-2.97907115206
26.51,-0.639792488885
26.52,-0.192503124701
26.53,-0.232901053972
26.54,-0.232901053972
26.55,-0.188110459587
26.56,-0.150529263056
26.57,-0.110740148857
26.58,-0.0722302908093
26.59,-0.0374405204595
26.6,-0.0374405204595
26.61,0.0158991029659
26.62,0.0335034475828
26.63,0.0452062139343
26.64,0.0452062139343
26.65,0.0527184951185
26.66,0.0498980525579
26.67,0.0437680077586
26.68,0.0352327924238
26.69,0.0251734821728
26.7,0.0145248914089
26.71,0.00407702477971
26.72,-0.0054499580453
26.73,-0.0134760460541
26.74,-0.0196091631232
26.75,1.27677442052
26.76,1.2042900579
26.77,1.0745889765
26.78,0.873536255106
26.79,0.895591508901
26.8,0.600170887853
26.81,0.632920315777
26.82,0.402068400079
26.83,0.325038511207
26.84,0.267325765155
26.85,0.219571331204
26.86,0.177885414349
26.87,0.141171299526
26.88,0.109058421741
26.89,0.0814562745296
26.9,0.0582215122591
26.91,0.0441800212894
26.92,0.024474585682
26.93,0.0246623755398
26.94,0.00325328879271
26.95,-0.00245778667735
26.96,-0.00521544300689
26.97,-0.00584588164754
26.98,-0.00515172028059
26.99,-0.00517313739218
27.0,-0.00203190252938
27.01,0.000877846751085
27.02,0.00358058229408
27.03,0.0055901987494
27.04,0.00701937407568
27.05,0.00784610027459
27.06,0.00806943682725
27.07,0.0077610788834
27.08,0.00697246468756
27.09,0.00584430668875
27.1,0.00454264384849
27.11,0.00310753306105
27.12,0.00172516307824
27.13,0.000597809293409
27.14,-0.000434648311609
27.15,-0.00134902694746
27.16,-0.00187620325009
27.17,-0.00212458714777
27.18,-0.00214415049658
27.19,-0.00190402553677
27.2,-0.00166871476718
27.21,-0.003947268887
27.22,-0.0040433159677
27.23,-0.00383183787452
27.24,-0.00383183787452
27.25,5.41695738352
27.26,6.93739736635
27.27,6.71494216888
27.28,5.93049305198
27.29,4.23955351641
27.3,2.09528505153
27.31,0.392215866854
27.32,0.179988671111
27.33,0.208818206858
27.34,0.193614091449
27.35,0.165141685997
27.36,0.130739559432
27.37,0.0947570149384
27.38,0.0602347179925
27.39,0.0292694286561
27.4,0.026419555749
27.41,-0.0178099223316
27.42,-0.0178099223316
27.43,-0.0432421019503
27.44,-0.0483957891806
27.45,-0.0492232627705
27.46,-0.0463606379787
27.47,-0.040602635754
27.48,-0.0327149616251
27.49,-0.0318429581917
27.5,-0.0138859363784
27.51,-0.00447411957598
27.52,0.00403855969117
27.53,0.0111730913674
27.54,0.0165483138012
27.55,0.0200349626487
27.56,-0.619249060276
27.57,-0.588467356831
27.58,-0.523196440591
27.59,-0.446932014223
27.6,-0.393759916701
27.61,-0.308100045759
27.62,-0.254008554475
27.63,-0.263437556064
27.64,-0.178789587969
27.65,-0.145732550154
27.66,-0.119193973532
27.67,-0.0964207387645
27.68,-0.0763018272425
27.69,-0.0585729474919
27.7,-0.0432529871647
27.71,-0.0400072634566
27.72,-0.0189277648459
27.73,-0.0118035011288
27.74,-0.0076118596931
27.75,0.000591366559761
27.76,0.00330461314265
27.77,0.00440509691182
27.78,0.00439353494508
27.79,0.00443744539398
27.8,0.00234272929293
27.81,0.000847222652305
27.82,-0.000677749322793
27.83,-0.00205401503005
27.84,-0.00319089809391
27.85,-0.00310814563694
27.86,-0.00464691623762
27.87,-0.00505242508033
27.88,-0.00486671768526
27.89,-0.00437334932056
27.9,-0.00288272111183
27.91,-0.00277246540134
27.92,-0.00127016611236
27.93,-0.000582131383004
27.94,0.000129529392094
27.95,0.000630720132942
27.96,0.00100654084843
27.97,0.00130037059608
27.98,0.00130762937282
27.99,0.00145579200211
28.0,0.00120080065343
28.01,0.00116013591876
28.02,0.00243604791285
28.03,-0.812428801204
28.04,-0.766689503451
28.05,-5.53486837633
28.06,-6.77243739297
28.07,-5.97838539598
28.08,-5.0539752419
28.09,-5.16093386173
28.1,-1.49025752113
28.11,0.055985213255
28.12,-0.0828668008597
28.13,-0.202956038989
28.14,-0.202956038989
28.15,-0.153003153971
28.16,-0.120854120493
28.17,-0.0874651410491
28.18,-0.0556257010518
28.19,-0.0271256702197
28.2,-0.0245090774879
28.21,-0.00309505731865
28.22,0.029966635247
28.23,0.0390789065434
28.24,0.0437251651107
28.25,0.0444037989067
28.26,0.0416975653555
28.27,0.0363433445245
28.28,0.0290538953739
28.29,0.0205955529099
28.3,0.0116735150141
28.31,0.00301270875171
28.32,-0.00483454132535
28.33,-0.0114009232625
28.34,-0.0163597516061
28.35,0.140607831082
28.36,0.13245121127
28.37,0.117457102269
28.38,0.117542709867
28.39,0.0832928940011
28.4,0.0718136936094
28.41,0.0774429914859
28.42,0.0568268688677
28.43,0.0483046969782
28.44,0.0444168577368
28.45,0.0386332739483
28.46,0.0329850859138
28.47,0.0329850859138
28.48,0.0224645858652
28.49,0.0205953026995
28.5,0.0108001991052
28.51,0.0108001991052
28.52,0.00236000540844
28.53,-0.000467316776187
28.54,-0.00245325983198
28.55,-0.00368749805796
28.56,-0.00422813875129
28.57,-0.00420747306489
28.58,-0.00373089026227
28.59,-0.00294045876296
28.6,-0.00199008699593
28.61,-0.000970026588777
28.62,-0.000375639106165
28.63,0.000826954763507
28.64,0.00147435247925
28.65,0.00191538225338
28.66,0.0020157124176
28.67,0.00205776812849
28.68,0.00219937677517
28.69,0.0017113084971
28.7,0.00168233641869
28.71,0.000988868895211
28.72,0.000831234344605
28.73,0.000224634464188
28.74,-0.000112838424698
28.75,-0.000330624209612
28.76,-0.000488524119465
28.77,-0.000552450907415
28.78,-0.000626075071527
28.79,-0.000589561194725
28.8,-0.000558379299425
28.81,-0.00352437896977
28.82,-0.00331687793508
28.83,0.811750400922
28.84,0.765931762387
28.85,5.53551972704
28.86,6.95144179662
28.87,6.44955149899
28.88,6.49707176606
28.89,3.80682367295
28.9,1.81967094531
28.91,0.210391532138
28.92,0.183650080957
28.93,0.201348393749
28.94,0.185846152267
28.95,0.158380957077
28.96,0.125353360282
28.97,0.0908390971752
28.98,0.0577800196559
28.99,0.0546354879227
29.0,0.00301196553134
29.01,-0.0169683085725
29.02,-0.0317121896366
29.03,-0.0413895495462
29.04,-0.0463905907419
29.05,-0.0472385689894
29.06,-0.0445907655793
29.07,-0.0391221763433
29.08,-0.0316373785597
29.09,-0.0228795651548
29.1,-0.0136556680022
29.11,-0.00462241837387
29.12,0.00356357871832
29.13,0.010418271976
29.14,0.0156316082305
29.15,-0.339475844978
29.16,-0.319819224608
29.17,-0.276308629808
29.18,-0.24918316424
29.19,-0.195431904992
29.2,-0.206550575886
29.21,-0.14202826668
29.22,-0.124722535362
29.23,-0.120719875642
29.24,-0.106718658803
29.25,-0.0813327503519
29.26,-0.061907745538
29.27,-0.0457739071027
29.28,-0.0457739071027
29.29,-0.0255435474162
29.3,-0.0168507030767
29.31,-0.0100013542528
29.32,-0.0047771386166
29.33,-0.000761046863022
29.34,0.00246399553715
29.35,0.00399064267052
29.36,0.00411362546336
29.37,0.00570196942039
29.38,0.0052805770546
29.39,0.00347487060179
29.4,0.00218059147573
29.41,0.000846252683472
29.42,-0.000387042844782
29.43,-0.00136939052894
29.44,-0.00224774003577
29.45,-0.00282031141657
29.46,-0.00306586170104
29.47,-0.00345963405604
29.48,-0.00281836653437
29.49,-0.00281836653437
29.5,-0.00188019105206
29.51,-0.00134613645154
29.52,-0.000800920482154
29.53,-0.000522810146823
29.54,0.000138287942808
29.55,0.000490944513034
29.56,0.000699551830572
29.57,0.000830226669831
29.58,0.000848642465692
29.59,0.00080692392071
29.6,0.000710317684151
29.61,0.00238675621866
29.62,0.00225133882132
29.63,-0.812611042084
29.64,-0.766848666639
29.65,-5.53516605231
29.66,-7.03301716172
29.67,-6.85311282509
29.68,-6.89187406467
29.69,-6.17989458823
29.7,-2.09990130617
29.71,-0.462973059089
29.72,-0.186453200641
29.73,-0.262098270471
29.74,-0.213455552727
29.75,-0.185225659314
29.76,-0.149477359181
29.77,-0.111175732751
29.78,-0.0738176620981
29.79,-0.0398539332927
29.8,-0.0107098748586
29.81,0.0128127752382
29.82,0.0304843629611
29.83,0.0424664305539
29.84,0.0491076029096
29.85,0.0510188387291
29.86,0.0488658885971
29.87,0.0433930443778
29.88,0.0354877192512
29.89,0.0345961319999
29.9,0.0157917203232
29.91,0.00564924163073
29.92,-0.00367642144885
29.93,-0.0116478320308
29.94,-0.0178513193946
29.95,0.949968077436
29.96,0.895462563462
29.97,0.761525693408
29.98,0.673933239528
29.99,0.537894206567
30.0,0.451918111701
30.01,0.451918111701
30.02,0.381402122541
30.03,0.302929489829
30.04,0.227869761276
30.05,0.195026217909
30.06,0.158776936793
30.07,0.12304692597
30.08,0.0954067737392
30.09,0.0727714802715
30.1,0.0690869930593
30.11,0.0688000010891
30.12,0.0249804362716
30.13,0.0123518740377
30.14,0.00528314059579
30.15,0.00060481587672
30.16,-0.00212200075908
30.17,-0.00293275820584
30.18,-0.00319579989708
30.19,-0.00319579989708
30.2,-0.00085961150342
30.21,0.000921125104104
30.22,0.00242121487093
30.23,0.00411264243543
30.24,0.00411264243543
30.25,0.00601953606889
30.26,0.00610283586986
30.27,0.00594183220431
30.28,0.00538976962447
30.29,0.00458226680051
30.3,0.00358234952247
30.31,0.00253408638276
30.32,0.00253408638276
30.33,0.00063201686735
30.34,0.000676404535427
30.35,-0.000859720517162
30.36,-0.00120044189235
30.37,-0.0015034890059
30.38,-0.00152169090366
30.39,-0.00157462446218
30.4,-0.00121087060127
30.41,-0.00429910916549
30.42,-0.00372552211076
30.43,0.811454937832
30.44,0.765735785755
30.45,5.53538466409
30.46,7.00302134013
30.47,7.14103607972
30.48,6.35348255545
30.49,4.86508674742
30.5,2.30446060587
30.51,0.527994044479
30.52,0.171424306516
30.53,0.212262221974
30.54,0.19976578524
30.55,0.172263440754
30.56,0.15214796756
30.57,0.101519802345
30.58,0.066192320232
30.59,0.0342091281032
30.6,0.00938853546811
30.61,-0.0150355343829
30.62,-0.0314137459634
30.63,-0.0423874129093
30.64,-0.0483317291223
30.65,-0.0497948694111
30.66,-0.0474354221219
30.67,-0.0420213930189
30.68,-0.0343205815585
30.69,-0.0252036699486
30.7,-0.0154486551792
30.71,-0.00585745889751
30.72,0.00295584938991
30.73,0.010416858001
30.74,0.0161528123211
30.75,-0.676043199613
30.76,-0.636776507822
30.77,-0.549935400594
30.78,-0.497314147071
30.79,-0.383788239153
30.8,-0.328311710021
30.81,-0.278365008901
30.82,-0.236314528118
30.83,-0.20015351222
30.84,-0.205877392866
30.85,-0.138179486268
30.86,-0.110337007025
30.87,-0.0878406966157
30.88,-0.0687045613342
30.89,-0.0520169702183
30.9,-0.0536581272358
30.91,-0.0265900008654
30.92,-0.0239880495906
30.93,-0.00841826759998
30.94,-0.00718282545951
30.95,0.000973767255306
30.96,0.00366283996427
30.97,0.00436081744674
30.98,0.00448866580924
30.99,0.00332714770674
31.0,0.00160614317682
31.01,5.64156298402e-05
31.02,-0.00145400148257
31.03,-0.00275008855327
31.04,-0.00374992629002
31.05,-0.00438248168356
31.06,-0.00413128678704
31.07,-0.00479330348813
31.08,-0.0048316509765
31.09,-0.00423292009003
31.1,-0.00262060166369
31.11,-0.00175877989729
31.12,-0.00142331659535
31.13,-0.000557403568669
31.14,-0.000557403568669
31.15,0.000728222677864
31.16,0.00121506648769
31.17,0.00132693482436
31.18,0.00133726658154
31.19,0.00126544719219
31.2,0.00128332224886
31.21,0.0027175000684
31.22,0.00247437467103
31.23,-0.812426742313
31.24,-2.89984428096
31.25,-5.41498724178
31.26,-6.90486861383
31.27,-6.46267777936
31.28,-5.73291532975
31.29,-4.10350127362
31.3,-2.00670566687
31.31,-0.335716577295
31.32,-0.352549808199
31.33,-0.352549808199
31.34,-0.192418204074
31.35,-0.192418204074
31.36,-0.129068106064
31.37,-0.0934832825906
31.38,-0.0594518870845
31.39,-0.0346931880821
31.4,-0.00320135543755
31.41,0.0172454974219
31.42,0.032228511312
31.43,0.0419405261104
31.44,0.0426404840899
31.45,0.0473953169273
31.46,0.0443905360953
31.47,0.0385393607983
31.48,0.0306103787047
31.49,0.0214692687342
31.5,0.011888709933
31.51,0.00261315922023
31.52,-0.00576028930455
31.53,-0.00652408776649
31.54,-0.0179051938277
31.55,0.653567230599
31.56,0.616581175211
31.57,0.532742907836
31.58,0.44853931827
31.59,0.377288061403
31.6,0.318789786827
31.61,0.270379623205
31.62,0.229545511349
31.63,0.194308702212
31.64,0.163395543499
31.65,0.135909580468
31.66,0.117519002312
31.67,0.0899724753071
31.68,0.0690961208795
31.69,0.0523526327041
31.7,0.0381472937943
31.71,0.0236803873303
31.72,0.0203008790524
31.73,0.0139511436299
31.74,0.0027895719953
31.75,-0.00109783533772
31.76,-0.0025433450901
31.77,-0.00333020238837
31.78,-0.00343795019098
31.79,-0.00251227688654
31.8,-0.00121381165744
31.81,0.0002305677539
31.82,0.00161275305555
31.83,0.00282242176161
31.84,0.00372214224573
31.85,0.00427288937733
31.86,0.00457092004936
31.87,0.00438835277177
31.88,0.00398884529113
31.89,0.00338018927579
31.9,0.00327523472913
31.91,0.00236140584095
31.92,0.00120402048561
31.93,0.000255365536515
31.94,-0.000341953991003
31.95,-0.000771544713183
31.96,-0.00106010646773
31.97,-0.00128688493721
31.98,-0.00134543055434
31.99,-0.00128972906043
32.0,-0.000921875882774
32.01,-0.000979108215026
32.02,-0.00339650355282
32.03,0.811620571511
32.04,0.712773055278
32.05,5.5354117912
32.06,7.31581730154
32.07,7.44901031397
32.08,6.62263609527
32.09,4.74377733482
32.1,2.43418047968
32.11,0.613898049111
32.12,0.173298088864
32.13,0.267622797757
32.14,0.207901348986
32.15,0.179695354321
32.16,0.144300421498
32.17,0.106519657986
32.18,0.0990078306263
32.19,0.0365363019636
32.2,0.00807709023496
32.21,-0.014851631538
32.22,-0.0319926862303
32.23,-0.0435259028975
32.24,-0.0498376249183
32.25,-0.0514817541519
32.26,-0.0491479785891
32.27,-0.0436017848272
32.28,-0.0356957378562
32.29,-0.0262532263597
32.3,-0.0161620935445
32.31,-0.00617725724756
32.32,0.00296620836514
32.33,0.0107611898227
32.34,0.0167740017056
32.35,-0.880147761845
32.36,-0.829624235435
32.37,-0.716108085894
32.38,-0.60188117183
32.39,-0.504967396085
32.4,-0.425240205759
32.41,-0.359262504916
32.42,-0.303724846548
32.43,-0.265897526975
32.44,-0.262722211738
32.45,-0.175174183112
32.46,-0.17957594569
32.47,-0.108236616743
32.48,-0.0792684808097
32.49,-0.0632014563558
32.5,-0.0580139557764
32.51,-0.0294483007115
32.52,-0.0163432475985
32.53,-0.00773746091885
32.54,-0.00468233565282
32.55,0.000606193958898
32.56,0.00391485901224
32.57,0.005677538158
32.58,0.00588198745157
32.59,0.00419751524521
32.6,0.00248750713764
32.61,0.000515207041297
32.62,-0.00134758728073
32.63,-0.0028115220403
32.64,-0.00425095543961
32.65,-0.00507682759842
32.66,-0.00545813318705
32.67,-0.00539426835335
32.68,-0.00496682106682
32.69,-0.00426580079106
32.7,-0.00338770157459
32.71,-0.00241911456541
32.72,-0.00145249606478
32.73,-0.000557258369601
32.74,0.000192553567295
32.75,0.000715599661555
32.76,0.00116992142508
32.77,0.00143733996264
32.78,0.00143733996264
32.79,0.00141255873827
32.8,0.00144652525938
32.81,0.002471941451
32.82,0.00265264819324
32.83,0.00249615979226
32.84,-0.679273383415
32.85,-5.5367068286
32.86,-6.78186052562
32.87,-5.6922583144
32.88,-5.96870213642
32.89,-3.65993090893
32.9,-2.0731182311
32.91,-0.179733075501
32.92,-0.178428934075
32.93,-0.191806557848
32.94,-0.177115754622
32.95,-0.151452319456
32.96,-0.120405287104
32.97,-0.107402979102
32.98,-0.0626410741428
32.99,-0.0284891310331
33.0,-0.00463504013167
33.01,0.0143862794239
33.02,0.0284989963088
33.03,0.0378211981409
33.04,0.0427110117986
33.05,0.0436873407411
33.06,0.0413057051159
33.07,0.0362787025548
33.08,0.0292991501538
33.09,0.0244454848213
33.1,0.0123559104482
33.11,0.00381564978594
33.12,-0.00395121776551
33.13,-0.00741438671609
33.14,-0.0110774188335
33.15,0.00601576004256
33.16,0.00933357206455
33.17,0.00895040428275
33.18,0.00909082985596
33.19,0.0105194068993
33.2,0.0126784507441
33.21,0.0126784507441
33.22,0.0169500481045
33.23,0.0182869077192
33.24,0.0188791395369
33.25,0.0208241019378
33.26,0.0174143574757
33.27,0.0142785985563
33.28,0.0116308447533
33.29,0.00873980288403
33.3,0.00772034578574
33.31,0.00254094761778
33.32,0.000359462622686
33.33,-0.000916522702547
33.34,-0.00270914272011
33.35,-0.00390466285788
33.36,-0.00443206906705
33.37,-0.00426586136233
33.38,-0.00440064985123
33.39,-0.00393544841458
33.4,-0.00212420041398
33.41,-0.00141519701042
33.42,-0.000538259897289
33.43,0.00017399362314
33.44,0.00070519987413
33.45,0.00114051433441
33.46,0.0013919723825
33.47,0.00147353138784
33.48,0.00136287478722
33.49,0.00124405743405
33.5,0.0012325241568
33.51,0.000948456995192
33.52,0.000447444824148
33.53,0.00019696739847
33.54,2.13863361949e-06
33.55,-0.000156027368309
33.56,-0.000288159406945
33.57,-0.000357531078229
33.58,-0.000374894660996
33.59,-0.000359956642857
33.6,-0.000336022812224
33.61,-0.00328649954399
33.62,-0.00311994182888
33.63,0.811921613778
33.64,2.89977297751
33.65,5.41543146694
33.66,7.02932485493
33.67,6.73941574374
33.68,5.96434553826
33.69,4.40497438937
33.7,1.91263715934
33.71,2.30525219314
33.72,0.137364657567
33.73,0.210227721211
33.74,0.193460734648
33.75,0.164057011377
33.76,0.129100702375
33.77,0.0928281382425
33.78,0.0582151650833
33.79,0.0273135724936
33.8,0.00128656148173
33.81,-0.0192911028457
33.82,-0.0343410462301
33.83,-0.0440278363304
33.84,-0.0488152997516
33.85,-0.0492813079163
33.86,-0.0461060185714
33.87,-0.0400612511272
33.88,-0.0393273124543
33.89,-0.0226358694271
33.9,-0.0128730004071
33.91,-0.00344818750841
33.92,-0.00255184879215
33.93,0.00581784228677
33.94,0.0173322633997
33.95,-0.738867474622
33.96,-0.673822458817
33.97,-0.60047548728
33.98,-0.609221752113
33.99,-0.548548596608
34.0,-0.437481449999
34.01,-0.276394059674
34.02,-0.225187011904
34.03,-0.188299111738
34.04,-0.158002554785
34.05,-0.131224225132
34.06,-0.107054059086
34.07,-0.085313096786
34.08,-0.0847845402295
34.09,-0.0481773247426
34.1,-0.0325674979423
34.11,-0.0213911926495
34.12,-0.0115043913285
34.13,-0.00462768184443
34.14,0.000199767867562
34.15,0.000134105330469
34.16,0.0023447002213
34.17,0.00520291775042
34.18,0.00457203256152
34.19,0.00326890148474
34.2,0.00162432073985
34.21,-0.000146431268486
34.22,-0.0014526269508
34.23,-0.00320698473885
34.24,-0.00430218180873
34.25,-0.00495015201738
34.26,-0.00518044569947
34.27,-0.00462411453758
34.28,-0.0045639612232
34.29,-0.00460106264018
34.3,-0.00339982993755
34.31,-0.00294481416757
34.32,-0.00101597914162
34.33,-0.000220513519226
34.34,0.000440498212455
34.35,0.000928029886208
34.36,0.00123638644205
34.37,0.00141616735751
34.38,0.00148916585272
34.39,0.00131665638173
34.4,0.00111490031451
34.41,0.00181086289132
34.42,0.00257129796638
34.43,-0.812359340314
34.44,-2.89989480532
34.45,-2.89989480532
34.46,-7.06651605584
34.47,-6.26276119007
34.48,-5.72679744993
34.49,-4.12349479966
34.5,-4.34309044402
34.51,-2.06982872916
34.52,0.659568956868
34.53,-0.217071547502
34.54,-0.216767684917
34.55,-0.191601212765
34.56,-0.157052366816
34.57,-0.118843955589
34.58,-0.0808612998776
34.59,-0.0457625650698
34.6,-0.0153187296433
34.61,0.00955602667154
34.62,0.0284525640866
34.63,0.0414808622122
34.64,0.048954479128
34.65,0.0514407085105
34.66,0.0496737831299
34.67,0.044427683583
34.68,0.036619466614
34.69,0.0271279641275
34.7,0.016802186905
34.71,0.015761040225
34.72,-0.00301671717455
34.73,-0.0111989036191
34.74,-0.011925981797
34.75,1.310375183
34.76,1.19887721976
34.77,1.0661357646
34.78,0.895234143568
34.79,0.749405208505
34.8,0.771091604763
34.81,0.520824409858
34.82,0.472205164258
34.83,0.354014009612
34.84,0.294317270885
34.85,0.25184656077
34.86,0.21475628992
34.87,0.144696737685
34.88,0.130538258597
34.89,0.1181074153
34.9,0.0822484208835
34.91,0.0386477941005
34.92,0.0213234809821
34.93,0.0124263747247
34.94,0.00203404969418
34.95,0.00203404969418
34.96,-0.00569727974819
34.97,-0.0072917617779
34.98,-0.00746784144198
34.99,-0.00505331227491
35.0,-0.00273634499278
35.01,-0.0002600446339
35.02,-0.0002600446339
35.03,0.00225630153578
35.04,0.00565568214616
35.05,0.00689339926957
35.06,0.00719732147127
35.07,0.00723235777133
35.08,0.00662381365072
35.09,0.00564443151622
35.1,0.00448174665232
35.11,0.00331128473549
35.12,0.00187998130943
35.13,0.000819484559274
35.14,-5.84492194213e-06
35.15,-0.00114661586404
35.16,-0.00172258803771
35.17,-0.00200938073887
35.18,-0.00209088612955
35.19,-0.00193507067257
35.2,-0.00198096328827
35.21,-0.00174495677285
35.22,-0.00383173300757
35.23,0.811343220264
35.24,0.811343220264
35.25,2.77776002402
35.26,7.3707264517
35.27,7.09405104604
35.28,6.44710827388
35.29,4.53452713586
35.3,2.29259392533
35.31,0.51887938011
35.32,0.167759292787
35.33,0.208250052325
35.34,0.198852035533
35.35,0.180948394011
35.36,0.135360283129
35.37,0.0995862105306
35.38,0.0649116942349
35.39,0.0424657681741
35.4,0.00668903228649
35.41,-0.000319051766944
35.42,-0.0308634108238
35.43,-0.041593556286
35.44,-0.0423835232775
35.45,-0.0487308260667
35.46,-0.0463731319435
35.47,-0.0410131169872
35.48,-0.0334464917189
35.49,-0.0244804741299
35.5,-0.0149335545811
35.51,-0.0139717068868
35.52,0.00308584927255
35.53,0.0103825479744
35.54,0.0159715569985
35.55,0.019709021391
35.56,-0.617808292688
35.57,-0.584566623755
35.58,-0.492380976324
35.59,-0.442182408477
35.6,-0.374036984693
35.61,-0.299669760992
35.62,-0.253015413156
35.63,-0.214417384113
35.64,-0.221349523027
35.65,-0.149547395414
35.66,-0.120390468447
35.67,-0.103809171363
35.68,-0.0765964990251
35.69,-0.0586606045609
35.7,-0.043730373933
35.71,-0.043730373933
35.72,-0.0275838050907
35.73,-0.012352818227
35.74,-0.00470315405885
35.75,-0.000333071549456
35.76,0.00229407144727
35.77,0.0035066192758
35.78,0.0036832550979
35.79,0.0031842520641
35.8,0.00306676060635
35.81,0.000548392572035
35.82,-0.000906907427496
35.83,-0.00222178199642
35.84,-0.00329362185059
35.85,-0.00345085507598
35.86,-0.00449991299665
35.87,-0.00474149853005
35.88,-0.00433690981788
35.89,-0.00454810203917
35.9,-0.00455695270641
35.91,-0.00246283016162
35.92,-0.00152108551737
35.93,-0.00123632502335
35.94,-0.00036862445968
35.95,0.000357010975367
35.96,0.000915200190611
35.97,0.00116984932562
35.98,0.00122677662735
35.99,0.00126028190627
36.0,0.00131892784062
36.01,0.00278491277864
36.02,0.00264200036647
36.03,-0.812266904303
36.04,-2.89969715963
36.05,-5.41485359702
36.06,-7.39921155968
36.07,-7.13421783638
36.08,-6.0396459027
36.09,-4.26700462899
36.1,-2.10225381819
36.11,-0.396048503224
36.12,-0.191551834419
36.13,-0.218720394075
36.14,-0.201884257627
36.15,-0.171655684986
36.16,-0.13552572956
36.17,-0.0979511437579
36.18,-0.0620658996011
36.19,-0.0299844925229
36.2,-0.00291214765932
36.21,0.0185158839754
36.22,0.0342182716545
36.23,0.0443639321372
36.24,0.0494435278812
36.25,0.0500160861237
36.26,0.0467963299089
36.27,0.040603080026
36.28,0.032242026855
36.29,0.0226170116533
36.3,0.0125406584135
36.31,0.00274421692279
36.32,0.00181143946558
36.33,-0.0133895783698
36.34,-0.0188688737008
36.35,0.355843030295
36.36,0.858844657355
36.37,0.788452656591
36.38,0.79670314642
36.39,0.555010691257
36.4,0.456698387385
36.41,0.361332515388
36.42,0.395836826137
36.43,0.259535544969
36.44,0.21629701986
36.45,0.177495011725
36.46,0.144600768605
36.47,0.115720497802
36.48,0.0941289244288
36.49,0.0678677706105
36.5,0.0494743135864
36.51,0.0352640597621
36.52,0.020190284302
36.53,0.0117764840508
36.54,0.00468586209806
36.55,-0.000876232534435
36.56,-0.00308051059475
36.57,-0.00431242616582
36.58,-0.00443334102804
36.59,-0.00289800997402
36.6,-0.00293493023997
36.61,0.000586591258874
36.62,0.00237215978129
36.63,0.00330651905775
36.64,0.00483682681387
36.65,0.00586400302674
36.66,0.00687079837352
36.67,0.00599232751059
36.68,0.0064284595491
36.69,0.00605991296041
36.7,0.00356317982505
36.71,0.00251135950712
36.72,0.00205891550736
36.73,0.000490888641161
36.74,-0.000375503299171
36.75,-0.000996168080533
36.76,-0.00140306268256
36.77,-0.00164474380433
36.78,-0.00186859567104
36.79,-0.00158716346001
36.8,-0.00134634555401
36.81,-0.00390005135688
36.82,-0.00370261571399
36.83,0.811508140936
36.84,0.7658052443
36.85,5.53518990241
36.86,5.27072977285
36.87,6.87269416243
36.88,6.87269416243
36.89,4.14004833125
36.9,2.41675232416
36.91,0.828768635473
36.92,0.19617640631
36.93,0.203501657565
36.94,0.18970235748
36.95,0.163858676153
36.96,0.131633874397
36.97,0.0972216359268
36.98,0.0972216359268
36.99,0.0334490182515
37.0,0.0122655383836
37.01,-0.0115924384553
37.02,-0.0234847513123
37.03,-0.0396594233525
37.04,-0.0454590415045
37.05,-0.046983955372
37.06,-0.0463530893568
37.07,-0.039890081416
37.08,-0.0327184092833
37.09,-0.0241623410543
37.1,-0.0149835490309
37.11,-0.00592171897031
37.12,0.00242812443906
37.13,0.00951416469802
37.14,0.0145423821063
37.15,-0.365940312783
37.16,-0.344381912248
37.17,-0.343344131856
37.18,-0.300346755073
37.19,-0.202826605105
37.2,-0.167616043738
37.21,-0.135426839633
37.22,-0.122817169806
37.23,-0.104358998828
37.24,-0.0892321239416
37.25,-0.0754511151988
37.26,-0.0626445736475
37.27,-0.0507657280589
37.28,-0.0398331392909
37.29,-0.0382097337305
37.3,-0.0208883521272
37.31,-0.0129366824172
37.32,-0.0112759400136
37.33,-0.00303503730714
37.34,0.000120045786313
37.35,0.00299077597489
37.36,0.00410103533176
37.37,0.00465172286472
37.38,0.00385476899287
37.39,0.00294596437119
37.4,0.00178505317029
37.41,0.000908657639164
37.42,-0.000651084440307
37.43,-0.00135737553121
37.44,-0.00246771002879
37.45,-0.0029640082848
37.46,-0.00306256085899
37.47,-0.00290142570542
37.48,-0.00309609747685
37.49,-0.00250883154429
37.5,-0.00194565420303
37.51,-0.00167157414028
37.52,-0.0011032318643
37.53,-0.000380415571769
37.54,0.000220206293862
37.55,0.000472991582838
37.56,0.000781378780652
37.57,0.000790544868934
37.58,0.000931277457491
37.59,0.000910154942612
37.6,0.000836410879521
37.61,0.00260678259578
37.62,0.0024512711555
37.63,-0.812471431616
37.64,-2.55134735459
37.65,-5.38801373683
37.66,-7.39665840638
37.67,-6.88803820631
37.68,-5.98120418701
37.69,-6.08314862731
37.7,-6.09732318927
37.71,-0.393931080939
37.72,-0.543089868456
37.73,-0.207970547436
37.74,-0.211199238568
37.75,-0.183402596099
37.76,-0.147097448614
37.77,-0.108391872045
37.78,-0.0708651061047
37.79,-0.0368781883944
37.8,-0.0079012461219
37.81,0.0153686179055
37.82,0.0153686179055
37.83,0.0442143636499
37.84,0.050358922833
37.85,0.0517535444709
37.86,0.0490799355353
37.87,0.0431526078786
37.88,0.0357765631558
37.89,0.0250692251262
37.9,0.0146826965104
37.91,0.00449225857335
37.92,-0.00483483525753
37.93,-0.0126896499979
37.94,-0.0187054494242
37.95,1.14984570294
37.96,1.08854100463
37.97,0.936301847375
37.98,0.74958479647
37.99,0.806762128186
38.0,0.670755578821
38.01,0.440572247808
38.02,0.473121926417
38.03,0.296763195632
38.04,0.257328297447
38.05,0.203684647344
38.06,0.163315983077
38.07,0.131923928988
38.08,0.101242438444
38.09,0.0757817260399
38.1,0.0747414162904
38.11,0.048951119678
38.12,0.0203606745708
38.13,0.0170783730432
38.14,0.00523614162634
38.15,-0.00125498945335
38.16,-0.00679876809467
38.17,-0.00765142800879
38.18,-0.00675927534739
38.19,-0.00493618194256
38.2,-0.00369934328194
38.21,-0.000137005463294
38.22,0.00127136501475
38.23,0.00338740760304
38.24,0.0055873405279
38.25,0.0064811057544
38.26,0.00680019558736
38.27,0.00725870374395
38.28,0.0063130368971
38.29,0.00501239137651
38.3,0.00384917059321
38.31,0.00263470418339
38.32,0.00153408786858
38.33,0.000335643759622
38.34,-0.000563782942205
38.35,-0.00126111851596
38.36,-0.00172943070031
38.37,-0.00189278118631
38.38,-0.00191632057752
38.39,-0.00176122281727
38.4,-0.00148657539265
38.41,-0.00151566262103
38.42,-0.00367452430235
38.43,0.811518723873
38.44,2.89948915638
38.45,5.41522990456
38.46,6.94680588574
38.47,6.73520848108
38.48,6.06386599879
38.49,4.35970740364
38.5,4.35970740364
38.51,2.22868669041
38.52,2.22868669041
38.53,0.197430863798
38.54,0.221134870798
38.55,0.198996498713
38.56,0.198996498713
38.57,0.12597251846
38.58,0.0869061561697
38.59,0.0505100151299
38.6,0.0186614047561
38.61,-0.0075930159629
38.62,-0.0277525923265
38.63,-0.0418421696404
38.64,-0.0501766826337
38.65,-0.0501766826337
38.66,-0.0520008446525
38.67,-0.0470205147121
38.68,-0.0392880425751
38.69,-0.0297161120328
38.7,-0.0192210739574
38.71,-0.0181518726881
38.72,0.00121188236448
38.73,0.00978637822129
38.74,0.0105515830793
38.75,0.0165764392821
38.76,-1.50427811482
38.77,-1.42060555176
38.78,-1.22792915329
38.79,-1.03236803982
38.8,-0.86493387923
38.81,-0.725913709021
38.82,-0.610006986926
38.83,-0.539705193449
38.84,-0.443857326301
38.85,-0.356349722272
38.86,-0.359939425545
38.87,-0.230833398962
38.88,-0.177739610054
38.89,-0.144089589723
38.9,-0.102350347815
38.91,-0.0968975062693
38.92,-0.0964840001575
38.93,-0.030580259647
38.94,-0.0178322149709
38.95,-0.00726199911066
38.96,-0.0035367760705
38.97,0.00202468167386
38.98,0.00321136543949
38.99,0.00363533514271
39.0,0.00270189988092
39.01,0.000155286539561
39.02,-0.00222015792922
39.03,-0.00417846152845
39.04,-0.006367689264
39.05,-0.00774861580977
39.06,-0.00852682162717
39.07,-0.00819338623997
39.08,-0.00834899845055
39.09,-0.0075040902515
39.1,-0.0075040902515
39.11,-0.00474354138785
39.12,-0.00320814391846
39.13,-0.00171222678895
39.14,-0.000422635094281
39.15,0.000308461481179
39.16,0.00147906485637
39.17,0.00204467594676
39.18,0.00230330308635
39.19,0.00228705390837
39.2,0.00219216476876
39.21,0.00348817830887
39.22,0.00334217788768
39.23,0.00330208124636
39.24,-2.89912110496
39.25,-5.51195412053
39.26,-7.05202061555
39.27,-5.84125190881
39.28,-5.05858807119
39.29,-3.05410782885
39.3,-1.65428485294
39.31,-0.10189329482
39.32,-0.223138593246
39.33,-0.190141438767
39.34,-0.174007822774
39.35,-0.146461246094
39.36,-0.11427497391
39.37,-0.0812728582046
39.38,-0.0500779309799
39.39,-0.0224165264172
39.4,0.000718931437309
39.41,0.0188565125254
39.42,0.0203952398274
39.43,0.0402561672067
39.44,0.0441386731932
39.45,0.0443043765298
39.46,0.0409090624444
39.47,0.0351506654601
39.48,0.0307827926007
39.49,0.0190322881551
39.5,0.0110283336426
39.51,0.00163663194264
39.52,-0.00594069216469
39.53,-0.0121929625381
39.54,-0.0167866704308
39.55,0.161476230155
39.56,0.185649610621
39.57,0.160941974532
39.58,0.164115860108
39.59,0.112387763279
39.6,0.100475029256
39.61,0.0842512222487
39.62,0.0776446101627
39.63,0.0705779530487
39.64,0.0718614455878
39.65,0.0629260694647
39.66,0.0502834935361
39.67,0.0327408540305
39.68,0.0247190971779
39.69,0.0189781756368
39.7,0.0165127045502
39.71,0.00705410479743
39.72,0.00319276940702
39.73,0.000779271123912
39.74,-0.00264272227175
39.75,-0.00372877506332
39.76,-0.00476922645713
39.77,-0.00439780676873
39.78,-0.00383966993633
39.79,-0.00297329250396
39.8,-0.00195782041599
39.81,-0.000875044605994
39.82,0.000133239662506
39.83,0.000728524649506
39.84,0.000987576652178
39.85,0.00207614175858
39.86,0.00249666393529
39.87,0.0022877980339
39.88,0.00210040157865
39.89,0.00179430656239
39.9,0.00142798003128
39.91,0.00128761695417
39.92,0.000605004464232
39.93,0.000408466450129
39.94,-0.000138130253365
39.95,-0.000318339971622
39.96,-0.000554651306992
39.97,-0.000621586054876
39.98,-0.00061717230504
39.99,-0.000581876248354
40.0,-0.000516081779381
40.01,-0.00377953967502
40.02,-0.00328014985285
40.03,-0.00304960941726
40.04,2.89976644023
40.05,5.4153726245
40.06,5.07486617505
40.07,6.31900541319
40.08,5.63819826101
40.09,5.72527324164
40.1,4.08809490315
40.11,1.554812655
40.12,0.301825722653
40.13,0.238175630738
40.14,0.220921021837
40.15,0.193835900496
40.16,0.158497899667
40.17,0.119612981033
40.18,0.0810346487666
40.19,0.045439283773
40.2,0.0146029483178
40.21,-0.0105500157115
40.22,-0.0296994791458
40.23,-0.0428674745001
40.24,-0.0504386561247
40.25,-0.0513235515739
40.26,-0.0512108944529
40.27,-0.0459254375502
40.28,-0.0380307179421
40.29,-0.0284286633716
40.3,-0.0180015049555
40.31,-0.00758908647364
40.32,0.00207894730565
40.33,0.0103833149655
40.34,0.016928582841
40.35,0.0174720481763
40.36,-1.3362945553
40.37,-1.08694429105
40.38,-0.912460111789
40.39,-0.935010589275
40.4,-0.776303207752
40.41,-0.508599087481
40.42,-0.411821200946
40.43,-0.309274176895
40.44,-0.310328920434
40.45,-0.240498370628
40.46,-0.194860191028
40.47,-0.147959781163
40.48,-0.114502202291
40.49,-0.0858563302486
40.5,-0.0617350483459
40.51,-0.0419521025596
40.52,-0.0367569465014
40.53,-0.0274244000406
40.54,-0.0103733975816
40.55,0.00133336675491
40.56,0.00538659458374
40.57,0.00621930690433
40.58,0.00556959532998
40.59,0.00387039902531
40.6,0.00246274615646
40.61,-0.000938657492132
40.62,-0.00336829791901
40.63,-0.00540125680861
40.64,-0.00643805146442
40.65,-0.00768092451375
40.66,-0.0082280083826
40.67,-0.00775918803917
40.68,-0.00699974219437
40.69,-0.00707338640244
40.7,-0.00445366602362
40.71,-0.00298496226453
40.72,-0.00145078420991
40.73,-0.000368219641678
40.74,0.000713231515022
40.75,0.00154971165037
40.76,0.00206126406958
40.77,0.00229636775521
40.78,0.00233953941157
40.79,0.00229968216371
40.8,0.00178457350782
40.81,0.00309200225242
40.82,0.00307379094751
40.83,-0.8119899047
40.84,-0.766360121449
40.85,-5.5350113334
40.86,-6.99395804073
40.87,-7.27939936452
40.88,-5.96802745785
40.89,-4.29619792069
40.9,-2.13792334037
40.91,-0.421964486055
40.92,-0.179625909685
40.93,-0.211701365918
40.94,-0.205529441994
40.95,-0.169398948216
40.96,-0.135016269425
40.97,-0.0988169213265
40.98,-0.063952829739
40.99,-0.0384702190501
41.0,-0.0325344180946
41.01,0.0155019392781
41.02,0.0313189900008
41.03,0.0418141431711
41.04,0.0473401715665
41.05,0.0484851870629
41.06,0.0458744137455
41.07,0.0403062245598
41.08,0.0325409668815
41.09,0.0234032803963
41.1,0.0137238776458
41.11,0.00421547884387
41.12,-0.00442383736742
41.13,-0.01169609133
41.14,-0.0172763579469
41.15,-0.0209304431387
41.16,0.620563063091
41.17,0.584439353813
41.18,0.50941110602
41.19,0.430600044051
41.2,0.363391540989
41.21,0.319267063696
41.22,0.318981455979
41.23,0.230078758145
41.24,0.180822850916
41.25,0.185625879084
41.26,0.11928059157
41.27,0.0936371496236
41.28,0.0975686373369
41.29,0.0559208030858
41.3,0.041361459932
41.31,0.0285189199438
41.32,0.0186707645911
41.33,0.0100664055077
41.34,0.00725460580841
41.35,0.00235088141041
41.36,-0.00311466269861
41.37,-0.003128721167
41.38,-0.00454133340902
41.39,-0.00405116694166
41.4,-0.00320218342351
41.41,-0.00195080946638
41.42,0.000568217162122
41.43,0.00182825060829
41.44,0.00310542906311
41.45,0.00394732612115
41.46,0.00440474117748
41.47,0.00457910887
41.48,0.0044204282461
41.49,0.00406413521906
41.5,0.00394895987438
41.51,0.00246837791832
41.52,0.00246837791832
41.53,0.000826974560138
41.54,0.000847345749032
41.55,0.000146212805252
41.56,-0.000822634050694
41.57,-0.00106124218619
41.58,-0.00120918578639
41.59,-0.00115415288662
41.6,-0.00115415288662
41.61,-0.00383261473733
41.62,-0.00348023348027
41.63,0.811629316328
41.64,2.8994280579
41.65,3.76060719916
41.66,7.08895577977
41.67,6.15717845699
41.68,4.98823129843
41.69,5.14998580676
41.7,1.48547365914
41.71,-0.0179269594541
41.72,0.196348971318
41.73,0.195537823069
41.74,0.185169848087
41.75,0.156883741456
41.76,0.111633986738
41.77,0.0782224258664
41.78,0.0468876146032
41.79,0.0193044175308
41.8,-0.00362719507106
41.81,-0.00760635851678
41.82,-0.0342026114477
41.83,-0.0415507001376
41.84,-0.0456331523868
41.85,-0.045281581324
41.86,-0.043477924162
41.87,-0.0406798586714
41.88,-0.0278788607412
41.89,-0.0278788607412
41.9,-0.0101255544386
41.91,-0.00155433513388
41.92,0.00603027028257
41.93,0.012208067073
41.94,0.016686073945
41.95,-0.142466014624
41.96,-0.222496304087
41.97,-0.221528077017
41.98,-0.206356208742
41.99,-0.174439155728
42.0,-0.130719955436
42.01,-0.0885259382708
42.02,-0.0880035201686
42.03,-0.0741814258067
42.04,-0.0665167635844
42.05,-0.0548640957771
42.06,-0.0457571800466
42.07,-0.0370287970702
42.08,-0.0288446841502
42.09,-0.0213573348518
42.1,-0.0195039503892
42.11,-0.00882786936916
42.12,-0.00389214100454
42.13,-0.0041558697147
42.14,0.00202356895495
42.15,0.00345780656464
42.16,0.00408507725764
42.17,0.00403137016887
42.18,0.00349926113628
42.19,0.00250303718817
42.2,0.00155339390925
42.21,0.000403463166844
42.22,-0.000302871518755
42.23,-0.00147177222168
42.24,-0.00187856093661
42.25,-0.00252489200478
42.26,-0.00226021417754
42.27,-0.00298398960075
42.28,-0.00298398960075
42.29,-0.00196804101879
42.3,-0.00152126158902
42.31,-0.00105485351438
42.32,-0.00059227787083
42.33,-0.000137823502582
42.34,0.000166485140469
42.35,0.000286141732183
42.36,0.000602320827762
42.37,0.000691216596062
42.38,0.00073525169805
42.39,0.000652465795834
42.4,0.000547170696497
42.41,0.00260366236715
42.42,0.00243305108266
42.43,0.00237737961773
42.44,-3.02488866094
42.45,-5.42383890972
42.46,-5.42383890972
42.47,-6.27171541112
42.48,-5.65540173323
42.49,-4.06387678877
42.5,-1.98263324126
42.51,-0.319137856994
42.52,-0.566776097386
42.53,-0.204037697192
42.54,-0.186008730535
42.55,-0.170402945883
42.56,-0.125651937717
42.57,-0.125651937717
42.58,-0.0583337994458
42.59,-0.0287717022549
42.6,-0.0156444502007
42.61,0.0161593717382
42.62,0.0161593717382
42.63,0.0380649529619
42.64,0.0453721479038
42.65,0.0463172981233
42.66,0.0442273487605
42.67,0.037919502438
42.68,0.030409136725
42.69,0.0261383128049
42.7,0.012415217926
42.71,0.00343273210281
42.72,0.000876455919913
42.73,-0.0109048595628
42.74,-0.0166480103216
42.75,-0.019983839125
42.76,-0.0202124226587
42.77,0.354857297288
42.78,0.308119572202
42.79,0.255893908279
42.8,0.223100028565
42.81,0.189305927746
42.82,0.1623382958
42.83,0.139257316572
42.84,0.118896018324
42.85,0.09933523698
42.86,0.0837780806706
42.87,0.0710963314076
42.88,0.0547964625272
42.89,0.0419895437543
42.9,0.0419608389273
42.91,0.0260663029518
42.92,0.0141936655981
42.93,0.00812552205849
42.94,0.00569284761557
42.95,0.000397136814058
42.96,-0.00109249540512
42.97,-0.0024342332656
42.98,-0.0024342332656
42.99,-0.00254645784951
43.0,-0.0013495137756
43.01,-0.000681800425701
43.02,0.000809618791418
43.03,0.00081776391595
43.04,0.00260914618772
43.05,0.00292787735505
43.06,0.00339978129387
43.07,0.00349654202994
43.08,0.00321842875035
43.09,0.00278896277083
43.1,0.00282045514305
43.11,0.00282045514305
43.12,0.00111281716841
43.13,0.000544928308171
43.14,8.57848873924e-05
43.15,-2.60848170817e-05
43.16,-0.000493110679344
43.17,-0.000596190898283
43.18,-0.00090530895418
43.19,-0.000822383511262
43.2,-0.000720759228727
43.21,-0.000677145582777
43.22,-0.000610467021242
43.23,-0.00312225037536
43.24,-0.00303395947975
