time,eye angle,Simulation_reset
0.0,-5.68412465234e-05
0.01,-7.09387536744e-05
0.02,-4.59192526558e-05
0.03,-2.75783181358e-06
0.04,3.54388937831e-05
0.05,5.50201840039e-05
0.06,5.85483900002e-05
0.07,4.17427737682e-05
0.08,1.2537929031e-05
0.09,-1.94686315043e-05
0.1,-4.97013273959e-05
0.11,-6.61191701914e-05
0.12,-6.91489492941e-05
0.13,-6.2609289103e-05
0.14,-4.57038439903e-05
0.15,-2.36919486722e-05
0.16,1.24316071881e-06
0.17,2.0996187585e-05
0.18,3.49195249987e-05
0.19,4.21624132434e-05
0.2,4.30244942362e-05
0.21,3.8008550328e-05
0.22,2.88800091623e-05
0.23,1.68389924275e-05
0.24,4.9140102294e-06
0.25,-5.86236013733e-06
0.26,-1.48296182494e-05
0.27,-2.04172924447e-05
0.28,-2.31946181448e-05
0.29,-2.33633399738e-05
0.3,-2.07913278389e-05
0.31,-1.65577816906e-05
0.32,-1.15036733801e-05
0.33,-6.21263096301e-06
0.34,-1.47304989628e-06
0.35,3.38051251125e-06
0.36,6.38309144607e-06
0.37,8.08297151833e-06
0.38,8.6979620928e-06
0.39,8.64168494719e-06
0.4,7.81505259617e-06
0.41,6.44873018274e-06
0.42,4.88099331086e-06
0.43,3.16348840368e-06
0.44,1.59445359493e-06
0.45,4.97787997489e-07
0.46,-1.12488862758e-06
0.47,-1.84579666218e-06
0.48,-2.41575108362e-06
0.49,-2.56410285715e-06
0.5,-2.48113997214e-06
0.51,-2.29000682195e-06
0.52,-2.01247357179e-06
0.53,-1.72114744723e-06
0.54,-1.46085781294e-06
0.55,-1.13961748394e-06
0.56,-7.36634965914e-07
0.57,-4.60957015225e-07
0.58,4.4568606361e-07
0.59,-4.66376009811e-07
0.6,5.83189367909e-07
0.61,8.43895024971e-07
0.62,1.07292124696e-06
0.63,1.16523866067e-06
0.64,1.1912947655e-06
0.65,1.09870245213e-06
0.66,7.86370561112e-07
0.67,4.85656402649e-07
0.68,-6.36234339435e-07
0.69,-8.22076994478e-07
0.7,-9.1324474738e-07
0.71,-8.30825553244e-07
0.72,-5.73669279635e-07
0.73,5.07411490158e-07
0.74,6.38369958672e-07
0.75,4.94814396568e-07
0.76,-4.89618987132e-07
0.77,-5.58753054047e-07
0.78,4.44940173594e-07
0.79,-4.77338660154e-07
0.8,-4.95177406634e-07
0.81,4.50211890435e-07
0.82,-4.98678115246e-07
0.83,5.09262106707e-07
0.84,-0.00672212358607
0.85,-0.0536794643867
0.86,-0.105852561027
0.87,-0.182656973763
0.88,-0.256192821352
0.89,-0.311756181378
0.9,-0.343715875097
0.91,-0.357744727612
0.92,-0.360735978527
0.93,-0.36303197311
0.94,-0.365262713014
0.95,-0.367289538736
0.96,-0.3690067596
0.97,-0.370360719356
0.98,-0.371339617889
0.99,-0.371961889905
1.0,-0.372266284769
1.01,-0.372303247412
1.02,-0.372128956581
1.03,-0.371800420369
1.04,-0.371372634758
1.05,-0.37089621613
1.06,-0.370415774236
1.07,-0.369969019084
1.08,-0.369585536397
1.09,-0.369286707504
1.1,-0.369085085029
1.11,-0.36898501082
1.12,-0.368983012353
1.13,-0.369068992741
1.14,-0.36922783554
1.15,-0.362185288587
1.16,-0.354203591397
1.17,-0.34676519217
1.18,-0.339927487334
1.19,-0.334894642214
1.2,-0.33027976829
1.21,-0.326328455682
1.22,-0.322889150618
1.23,-0.320481185827
1.24,-0.318608697735
1.25,-0.317082272251
1.26,-0.315596927709
1.27,-0.314392951584
1.28,-0.313420884797
1.29,-0.312855312492
1.3,-0.312504418288
1.31,-0.312290926099
1.32,-0.312179136972
1.33,-0.312143959065
1.34,-0.312164097311
1.35,-0.312220361706
1.36,-0.312295844234
1.37,-0.312376478327
1.38,-0.312450912329
1.39,-0.312511174297
1.4,-0.312552141928
1.41,-0.312571722029
1.42,-0.31257128171
1.43,-0.312550763716
1.44,-0.31251484057
1.45,-0.312467739089
1.46,-0.312415005264
1.47,-0.312360881221
1.48,-0.312309539248
1.49,-0.31226416242
1.5,-0.312227099626
1.51,-0.312199669197
1.52,-0.312182133147
1.53,-0.312174084998
1.54,-0.312174239683
1.55,-0.312181081885
1.56,-0.312192668522
1.57,-0.312207119923
1.58,-0.312222639024
1.59,-0.312239518306
1.6,-0.312253195694
1.61,-0.312304849008
1.62,-0.312360648347
1.63,-0.305686044894
1.64,-0.280509005703
1.65,-0.252969684658
1.66,-0.18587708911
1.67,-0.106737477933
1.68,-0.0329850894445
1.69,0.0227244695646
1.7,0.0548149888979
1.71,0.0668192163462
1.72,0.0700161576658
1.73,0.0723812486277
1.74,0.0746427482515
1.75,0.0766719797915
1.76,0.0783668910412
1.77,0.0796779149304
1.78,0.0805973922512
1.79,0.0811482592464
1.8,0.0813732069213
1.81,0.0813265005623
1.82,0.0810674982042
1.83,0.080655927704
1.84,0.0801490443392
1.85,0.0795989311674
1.86,0.0790514055978
1.87,0.0785444415063
1.88,0.0781077536921
1.89,0.0777620898688
1.9,0.0775191426039
1.91,0.0773820970783
1.92,0.077346097942
1.93,0.0773997727093
1.94,0.0775264996203
1.95,0.0678807199577
1.96,0.0569604454388
1.97,0.0472054915912
1.98,0.0375515554958
1.99,0.0304371641995
2.0,0.0247853336655
2.01,0.0193870084198
2.02,0.0154523732573
2.03,0.0122371236243
2.04,0.00907058842479
2.05,0.00638980249144
2.06,0.00427226672007
2.07,0.00260597407619
2.08,0.00156270261245
2.09,0.000896236836901
2.1,0.000449098833438
2.11,9.44698478218e-05
2.12,-0.000123171664722
2.13,-0.000224347776674
2.14,-0.000205329345073
2.15,-0.00012155195412
2.16,-1.25105473034e-05
2.17,0.000100571554064
2.18,0.000203519678597
2.19,0.000286761871898
2.2,0.000344606499303
2.21,0.000385425167013
2.22,0.000390010222293
2.23,0.000369106815656
2.24,0.000327221766076
2.25,0.000271533886535
2.26,0.000208144592507
2.27,0.000139711230345
2.28,7.6473941081e-05
2.29,2.18342413225e-05
2.3,-2.35946771374e-05
2.31,-6.33611912599e-05
2.32,-8.49573311514e-05
2.33,-9.8437523536e-05
2.34,-9.72095975862e-05
2.35,-8.66814925931e-05
2.36,-7.03231048269e-05
2.37,-4.92706686637e-05
2.38,-2.62055358577e-05
2.39,-3.34585685913e-06
2.4,1.74167530473e-05
2.41,3.1654629383e-05
2.42,4.35391026783e-05
2.43,5.35729434232e-05
2.44,-0.00666100870095
2.45,-0.0318606918021
2.46,-0.0811755202091
2.47,-0.151108040052
2.48,-0.230370519188
2.49,-0.304215936347
2.5,-0.360077261399
2.51,-0.414118199737
2.52,-0.446796105308
2.53,-0.459390122856
2.54,-0.463066050323
2.55,-0.465786460253
2.56,-0.468288325949
2.57,-0.470458298729
2.58,-0.472212504288
2.59,-0.473519755213
2.6,-0.474389929151
2.61,-0.474861854404
2.62,-0.474992308679
2.63,-0.474847844629
2.64,-0.474498027127
2.65,-0.474011142289
2.66,-0.473450762588
2.67,-0.472873386097
2.68,-0.472327074253
2.69,-0.471849949827
2.7,-0.471469990867
2.71,-0.471204386241
2.72,-0.471060210955
2.73,-0.47103495631
2.74,-0.471117920215
2.75,-0.4712920692
2.76,-0.47153570704
2.77,-0.471825079393
2.78,-0.472136075258
2.79,-0.469011791768
2.8,-0.456424560213
2.81,-0.431483172713
2.82,-0.395965001083
2.83,-0.356048638088
2.84,-0.318413188117
2.85,-0.286814745552
2.86,-0.259300725224
2.87,-0.246454985448
2.88,-0.244651457963
2.89,-0.2432527628
2.9,-0.241878200594
2.91,-0.240626427862
2.92,-0.239571419813
2.93,-0.238752748108
2.94,-0.238181349833
2.95,-0.237847101542
2.96,-0.237725224513
2.97,-0.237782052148
2.98,-0.237979669293
2.99,-0.238278940411
3.0,-0.238642437648
3.01,-0.239035688951
3.02,-0.239428809794
3.03,-0.239796937356
3.04,-0.240120960107
3.05,-0.240387720043
3.06,-0.240589754601
3.07,-0.240725295231
3.08,-0.240797376461
3.09,-0.240813317138
3.1,-0.240783348407
3.11,-0.249746304262
3.12,-0.25987812051
3.13,-0.265986001417
3.14,-0.279167261039
3.15,-0.286136289738
3.16,-0.291450191271
3.17,-0.295523692607
3.18,-0.298881102796
3.19,-0.301678946356
3.2,-0.304004785191
3.21,-0.305919787006
3.22,-0.306469861909
3.23,-0.306815962044
3.24,-0.300559517731
3.25,-0.276236319636
3.26,-0.249557483343
3.27,-0.184313922776
3.28,-0.107291090757
3.29,-0.0354706225247
3.3,0.0188168642881
3.31,0.0501326932632
3.32,0.0619068887479
3.33,0.0716637148935
3.34,0.0749175837193
3.35,0.0772474592188
3.36,0.0793274728334
3.37,0.081078185624
3.38,0.0824440008615
3.39,0.0834116430107
3.4,0.0840005324367
3.41,0.0842519079286
3.42,0.0842202925573
3.43,0.0839665347846
3.44,0.0835525744899
3.45,0.0830381511279
3.46,0.0824777301414
3.47,0.0819191606938
3.48,0.0814019632485
3.49,0.0809568670655
3.5,0.080605132478
3.51,0.0803585658628
3.52,0.0802201772008
3.53,0.0801847595286
3.54,0.0802405110921
3.55,0.080370383621
3.56,0.0805542989613
3.57,0.0705714578281
3.58,0.0592332033853
3.59,0.0490808824651
3.6,0.0404570251345
3.61,0.0332122249842
3.62,0.0271238997079
3.63,0.0210781102505
3.64,0.0166411871106
3.65,0.0131282048459
3.66,0.00968494562471
3.67,0.0072435772204
3.68,0.005384893924
3.69,0.00393135174156
3.7,0.00280571295594
3.71,0.00191542390425
3.72,0.001298076045
3.73,0.000765608880871
3.74,0.000407220022891
3.75,0.000262668670033
3.76,0.000181141749619
3.77,0.000197012818668
3.78,0.000253546425478
3.79,0.000321307436423
3.8,0.000383870599172
3.81,0.000431154971647
3.82,0.000458512084885
3.83,0.000461684007268
3.84,0.000442394620972
3.85,0.000403714372464
3.86,0.000349616640296
3.87,0.000283750889266
3.88,0.000208224504192
3.89,0.000139533176402
3.9,7.76579445625e-05
3.91,2.36360201531e-05
3.92,-1.84944276529e-05
3.93,-4.93272740223e-05
3.94,-6.72566359543e-05
3.95,-7.78197758948e-05
3.96,-7.53386893431e-05
3.97,-6.52405146577e-05
3.98,-4.88756192794e-05
3.99,-2.94864958841e-05
4.0,-8.35327533055e-06
4.01,1.08633981051e-05
4.02,2.64495154663e-05
4.03,4.09986293395e-05
4.04,-0.00666783690099
4.05,-0.0318598155312
4.06,-0.0811651310367
4.07,-0.151086686945
4.08,-0.230338129025
4.09,-0.304173590005
4.1,-0.360027212049
4.11,-0.414061307143
4.12,-0.44057752256
4.13,-0.451394527279
4.14,-0.4549968424
4.15,-0.457682877958
4.16,-0.460135903364
4.17,-0.462248090527
4.18,-0.463942353718
4.19,-0.465192718721
4.2,-0.466012752878
4.21,-0.466443129117
4.22,-0.466541564566
4.23,-0.466374317846
4.24,-0.466010405164
4.25,-0.46551685123
4.26,-0.46495592932
4.27,-0.464382821097
4.28,-0.463844026144
4.29,-0.463376568594
4.3,-0.46300699182
4.31,-0.462751643309
4.32,-0.462616541789
4.33,-0.462598596155
4.34,-0.462686639835
4.35,-0.462863250691
4.36,-0.443966739647
4.37,-0.42259951616
4.38,-0.42025859047
4.39,-0.417073723486
4.4,-0.404919234487
4.41,-0.38100697433
4.42,-0.347055423296
4.43,-0.311806256551
4.44,-0.275944235823
4.45,-0.248799422369
4.46,-0.23305164334
4.47,-0.227042239006
4.48,-0.224607207306
4.49,-0.223329679729
4.5,-0.222162953528
4.51,-0.221154696221
4.52,-0.220350737301
4.53,-0.219769855316
4.54,-0.219409029342
4.55,-0.219249200131
4.56,-0.219261320778
4.57,-0.219410786226
4.58,-0.219661198585
4.59,-0.21997721799
4.6,-0.220326121995
4.61,-0.220679566039
4.62,-0.22101390987
4.63,-0.22131109806
4.64,-0.221558428703
4.65,-0.221748671339
4.66,-0.221879694472
4.67,-0.221953682851
4.68,-0.221976696332
4.69,-0.221957459688
4.7,-0.22190668001
4.71,-0.231872192422
4.72,-0.244790334831
4.73,-0.256456484739
4.74,-0.268018209258
4.75,-0.276546881103
4.76,-0.283304604078
4.77,-0.288872841035
4.78,-0.293513606674
4.79,-0.297382522597
4.8,-0.301179058547
4.81,-0.30394970704
4.82,-0.305705599326
4.83,-0.306113291279
4.84,-0.306465040333
4.85,-0.283270896857
4.86,-0.235919215132
4.87,-0.168583890275
4.88,-0.0921912444693
4.89,-0.0144917729019
4.9,0.0402473530975
4.91,0.0714518809145
4.92,0.0832981841852
4.93,0.0866646947386
4.94,0.0892203214968
4.95,0.0916486453279
4.96,0.0938130521956
4.97,0.0956086796645
4.98,0.0969857064636
4.99,0.0979389723592
5.0,0.0984951633021
5.01,0.0987022629047
5.02,0.0986202262857
5.03,0.0983144105836
5.04,0.0978504938912
5.05,0.09729079596
5.06,0.096692142396
5.07,0.0961036121799
5.08,0.0955657820328
5.09,0.0951094690608
5.1,0.0947556905891
5.11,0.0945154595937
5.12,0.0943903324107
5.13,0.0943736298891
5.14,0.0944515729068
5.15,0.0946053965695
5.16,0.08282248689
5.17,0.0694760987653
5.18,0.057027277193
5.19,0.0452299683325
5.2,0.0355217766445
5.21,0.0286883112784
5.22,0.0219370620271
5.23,0.0164947297071
5.24,0.0127894523457
5.25,0.00916226295841
5.26,0.00668374156648
5.27,0.00483149405255
5.28,0.00339765351055
5.29,0.002299791504
5.3,0.00148606709698
5.31,0.00091270573605
5.32,0.000434684602945
5.33,0.000205094281456
5.34,0.000122427006826
5.35,0.000129681050279
5.36,0.000191241677115
5.37,0.000280006270461
5.38,0.000375018251443
5.39,0.000471538793206
5.4,0.000537539441221
5.41,0.000573408732987
5.42,0.000579088399862
5.43,0.000556152444926
5.44,0.000508231005672
5.45,0.000440946492004
5.46,0.00036076133208
5.47,0.000274674930834
5.48,0.000183348990265
5.49,0.000104229099109
5.5,3.66599123898e-05
5.51,-2.71187173486e-05
5.52,-6.6807697968e-05
5.53,-8.86264670377e-05
5.54,-0.000100748874199
5.55,-9.63505942888e-05
5.56,-8.11996092578e-05
5.57,-5.9321793564e-05
5.58,-3.39653643748e-05
5.59,-7.78470735963e-06
5.6,2.01781068041e-05
5.61,4.32805455337e-05
5.62,6.25291839449e-05
5.63,7.98907608166e-05
5.64,-0.00662783944322
5.65,-0.0318213935691
5.66,-0.0811310533872
5.67,-0.151059371356
5.68,-0.230318476482
5.69,-0.304161184944
5.7,-0.360020158554
5.71,-0.392304433864
5.72,-0.404523127029
5.73,-0.407929205036
5.74,-0.410480861041
5.75,-0.412900466138
5.76,-0.415058008083
5.77,-0.416852639178
5.78,-0.418237667988
5.79,-0.419209370516
5.8,-0.419794926998
5.81,-0.420041572684
5.82,-0.420007706596
5.83,-0.419756667538
5.84,-0.419351722397
5.85,-0.418853102524
5.86,-0.41831536548
5.87,-0.417786097877
5.88,-0.417304588981
5.89,-0.416900974666
5.9,-0.416596058602
5.91,-0.416400894825
5.92,-0.416317671167
5.93,-0.416340170302
5.94,-0.416455520982
5.95,-0.416645634155
5.96,-0.416889232388
5.97,-0.40386871106
5.98,-0.389080402385
5.99,-0.375838441158
6.0,-0.364593978817
6.01,-0.355155598785
6.02,-0.347234908754
6.03,-0.340578636311
6.04,-0.33498706306
6.05,-0.330202708416
6.06,-0.325603560582
6.07,-0.322314290463
6.08,-0.319802788859
6.09,-0.317835756571
6.1,-0.316307272902
6.11,-0.314896203737
6.12,-0.314009101968
6.13,-0.313437177731
6.14,-0.312963049287
6.15,-0.312738724249
6.16,-0.312651168877
6.17,-0.312651168877
6.18,-0.312660593426
6.19,-0.312707269437
6.2,-0.312757209621
6.21,-0.312794521284
6.22,-0.312809157081
6.23,-0.312798881652
6.24,-0.312764195052
6.25,-0.312706749676
6.26,-0.312633875187
6.27,-0.312543515945
6.28,-0.312445997992
6.29,-0.312360130399
6.3,-0.312283750524
6.31,-0.312218662309
6.32,-0.312164822287
6.33,-0.312122426966
6.34,-0.312097856564
6.35,-0.312090301395
6.36,-0.312091775995
6.37,-0.312105032631
6.38,-0.312125368165
6.39,-0.312149213371
6.4,-0.312173955494
6.41,-0.312198045845
6.42,-0.312251132873
6.43,-0.312307449373
6.44,-0.305634517827
6.45,-0.280462437974
6.46,-0.231156231608
6.47,-0.16121597577
6.48,-0.0819377228832
6.49,-0.00807982795124
6.5,0.0653943053266
6.51,0.0999762476307
6.52,0.129900581782
6.53,0.135677489728
6.54,0.138442131387
6.55,0.141063381183
6.56,0.143456401102
6.57,0.145492222974
6.58,0.147100169887
6.59,0.148260507837
6.6,0.14899173875
6.61,0.149337887986
6.62,0.149358731699
6.63,0.149121494508
6.64,0.148695289784
6.65,0.148146889772
6.66,0.147537701577
6.67,0.146922092852
6.68,0.146345472174
6.69,0.145843807049
6.7,0.145442602298
6.71,0.145157129752
6.72,0.145157129752
6.73,0.144944733199
6.74,0.145001926858
6.75,0.145146078785
6.76,0.126947341752
6.77,0.124779766863
6.78,0.124918893479
6.79,0.121955419739
6.8,0.1103344796
6.81,0.0874395669935
6.82,0.0549062639413
6.83,0.0549062639413
6.84,-0.0164213979943
6.85,-0.0164213979943
6.86,-0.0575952217087
6.87,-0.0633663260146
6.88,-0.0633663260146
6.89,-0.0698227849724
6.9,-0.0710188904214
6.91,-0.0720671341924
6.92,-0.0729302906877
6.93,-0.0735844568625
6.94,-0.0740272583651
6.95,-0.07427279748
6.96,-0.0743461497883
6.97,-0.0742785118948
6.98,-0.0741038588607
6.99,-0.0738559105375
7.0,-0.073566440587
7.01,-0.0732636395668
7.02,-0.0729714991294
7.03,-0.0727091128404
7.04,-0.0724903579332
7.05,-0.0723241382221
7.06,-0.0722142037014
7.07,-0.0721600485371
7.08,-0.0721570953513
7.09,-0.0721979008194
7.1,-0.0722728026682
7.11,-0.0723709834929
7.12,-0.0633160946841
7.13,-0.0530374064321
7.14,-0.0431757016882
7.15,-0.0353699615806
7.16,-0.0289057770831
7.17,-0.023512936394
7.18,-0.0189964363703
7.19,-0.0148219725114
7.2,-0.0116687693677
7.21,-0.00903878567053
7.22,-0.00654995707136
7.23,-0.00596177424387
7.24,-0.0121244049487
7.25,-0.0361318964259
7.26,-0.0624642885918
7.27,-0.126887355473
7.28,-0.202950072027
7.29,-0.273882486343
7.3,-0.344448055529
7.31,-0.377619524564
7.32,-0.389393008164
7.33,-0.399154657367
7.34,-0.402532590675
7.35,-0.405020090939
7.36,-0.407265730944
7.37,-0.409178339338
7.38,-0.410694012617
7.39,-0.411794735102
7.4,-0.412497319659
7.41,-0.412842563685
7.42,-0.41288589194
7.43,-0.412689828439
7.44,-0.412318888415
7.45,-0.411835355615
7.46,-0.411296821992
7.47,-0.410753871229
7.48,-0.410248997068
7.49,-0.409815490122
7.5,-0.409476850054
7.51,-0.409246940896
7.52,-0.409129973815
7.53,-0.409121817472
7.54,-0.409210858585
7.55,-0.409380078142
7.56,-0.397257259214
7.57,-0.383527696862
7.58,-0.37126319544
7.59,-0.359129435521
7.6,-0.348638207513
7.61,-0.341345847203
7.62,-0.335671636959
7.63,-0.331002586951
7.64,-0.327101974195
7.65,-0.323846830583
7.66,-0.32115427371
7.67,-0.318957613536
7.68,-0.317197353961
7.69,-0.315818111469
7.7,-0.314767009829
7.71,-0.313893311322
7.72,-0.313350567398
7.73,-0.313004798952
7.74,-0.312803800505
7.75,-0.312670108013
7.76,-0.312641629036
7.77,-0.31266343527
7.78,-0.312706344
7.79,-0.312750944409
7.8,-0.31278407392
7.81,-0.312797682004
7.82,-0.312787749374
7.83,-0.312755805278
7.84,-0.312700605446
7.85,-0.312625546567
7.86,-0.312542760948
7.87,-0.312454634235
7.88,-0.312369272605
7.89,-0.312290666414
7.9,-0.312212121822
7.91,-0.312156618113
7.92,-0.312108989116
7.93,-0.312085501699
7.94,-0.312078412927
7.95,-0.312083505755
7.96,-0.312096753585
7.97,-0.312117666397
7.98,-0.31214321507
7.99,-0.312170658664
8.0,-0.31219429358
8.01,-0.312217208385
8.02,-0.312268087526
8.03,-0.312320960731
8.04,-0.305643558665
8.05,-0.280465316753
8.06,-0.23115144327
8.07,-0.161202304593
8.08,-0.0819150401587
8.09,-0.00804900943513
8.1,0.0478182466662
8.11,0.0800910904461
8.12,0.0922817203201
8.13,0.0956524076686
8.14,0.0981679256378
8.15,0.100551270442
8.16,0.102672317617
8.17,0.104430227779
8.18,0.105778175804
8.19,0.106712591897
8.2,0.107260597065
8.21,0.107469557539
8.22,0.10739792936
8.23,0.107109141574
8.24,0.106666501219
8.25,0.106130194358
8.26,0.105554901305
8.27,0.104988047034
8.28,0.104469011385
8.29,0.104027859814
8.3,0.103685397544
8.31,0.103452687999
8.32,0.103331870276
8.33,0.103316825638
8.34,0.103394552823
8.35,0.103547088939
8.36,0.0906272767917
8.37,0.075995318044
8.38,0.062918873051
8.39,0.0518352072475
8.4,0.0425464409474
8.41,0.0347599795526
8.42,0.0270401535873
8.43,0.0211684047512
8.44,0.0166962121359
8.45,0.0123166817827
8.46,0.00916900186076
8.47,0.00683354638032
8.48,0.00500895615119
8.49,0.00329497662599
8.5,0.00194869118604
8.51,0.00116665779389
8.52,0.000692463400499
8.53,0.000315967590723
8.54,0.000165730591644
8.55,0.000139981843593
8.56,0.000183946279157
8.57,0.00026460475828
8.58,0.000363730823017
8.59,0.000463229404092
8.6,0.000536346977583
8.61,0.000592112488153
8.62,0.000607370817291
8.63,0.000590574766456
8.64,0.000547510151072
8.65,0.000483914623055
8.66,0.00040610416729
8.67,0.000312924698126
8.68,0.00022374065293
8.69,0.000143869377588
8.7,6.30457174613e-05
8.71,-5.09060081777e-06
8.72,-4.90074414263e-05
8.73,-7.26628015548e-05
8.74,-8.69161352326e-05
8.75,-8.71010336496e-05
8.76,-7.35278868014e-05
8.77,-5.21487548459e-05
8.78,-2.66229070687e-05
8.79,5.48583892979e-07
8.8,2.91232941523e-05
8.81,5.23390268263e-05
8.82,7.43234654434e-05
8.83,9.48703763455e-05
8.84,-0.00660965294392
8.85,-0.0141997142405
8.86,-0.0611953972455
8.87,-0.130999207988
8.88,-0.210162681052
8.89,-0.283876585539
8.9,-0.341721938225
8.91,-0.37373879173
8.92,-0.385816346441
8.93,-0.395837370078
8.94,-0.39919048507
8.95,-0.40160034059
8.96,-0.403759619149
8.97,-0.405587713934
8.98,-0.40702813971
8.99,-0.408067279935
9.0,-0.408724390961
9.01,-0.409040481177
9.02,-0.409069690186
9.03,-0.408872432796
9.04,-0.408510208392
9.05,-0.408042402963
9.06,-0.407523510966
9.07,-0.407001699304
9.08,-0.4065171923
9.09,-0.406101696929
9.1,-0.405777715289
9.11,-0.405558351578
9.12,-0.405447873547
9.13,-0.4054420995
9.14,-0.405530077336
9.15,-0.40569522889
9.16,-0.394033421649
9.17,-0.380825316584
9.18,-0.369026203826
9.19,-0.357352639787
9.2,-0.348756535949
9.21,-0.341936365342
9.22,-0.336295963017
9.23,-0.331569917865
9.24,-0.327603974326
9.25,-0.324291628503
9.26,-0.321550138446
9.27,-0.319309762371
9.28,-0.317508733617
9.29,-0.316090148384
9.3,-0.315000819734
9.31,-0.314190346908
9.32,-0.313611328354
9.33,-0.313116537346
9.34,-0.312809478362
9.35,-0.312683054185
9.36,-0.31264473331
9.37,-0.312638435238
9.38,-0.312667734336
9.39,-0.312705205683
9.4,-0.312735718371
9.41,-0.312748760521
9.42,-0.312744400524
9.43,-0.312714623501
9.44,-0.312663502622
9.45,-0.312593129551
9.46,-0.312515828228
9.47,-0.312434922898
9.48,-0.312345411266
9.49,-0.312260198296
9.5,-0.312196243502
9.51,-0.312147839064
9.52,-0.312113591688
9.53,-0.312086988042
9.54,-0.312078395957
9.55,-0.312082304138
9.56,-0.312093996098
9.57,-0.312113025286
9.58,-0.312135379758
9.59,-0.312158245038
9.6,-0.312179892722
9.61,-0.312198682626
9.62,-0.312247092089
9.63,-0.312297924079
9.64,-0.305618891624
9.65,-0.280440208261
9.66,-0.252898892239
9.67,-0.203424994801
9.68,-0.133333226446
9.69,-0.0605924973814
9.7,-0.00502544751156
9.71,0.0269050465482
9.72,0.0387235255648
9.73,0.0417290474732
9.74,0.0439134382987
9.75,0.0460169555661
9.76,0.0479175880777
9.77,0.0495161529454
9.78,0.0507625059986
9.79,0.0516466023173
9.8,0.0521875981997
9.81,0.0524237454462
9.82,0.0524047422232
9.83,0.0521851756395
9.84,0.0518205609038
9.85,0.0513638479431
9.86,0.0508636426397
9.87,0.0503625972331
9.88,0.0498962250176
9.89,0.0494925418042
9.9,0.04917113827
9.91,0.048943577712
9.92,0.0488132312605
9.93,0.0487763492023
9.94,0.0488229084817
9.95,0.0489380506344
9.96,0.0429059029392
9.97,0.0360764221264
9.98,0.0299799318983
9.99,0.0248127030679
10.0,0.0197004422917
10.01,0.0159472860982
10.02,0.0129532810875
10.03,0.0104571521028
10.04,0.00835064617734
10.05,0.00657478557561
10.06,0.00508966424182
10.07,0.00363857192019
10.08,0.00261523225209
10.09,0.00185473014818
10.1,0.00118024122177
10.11,0.000727769942684
10.12,0.000450203791369
10.13,0.000281360361235
10.14,0.000193018141949
10.15,0.000163349696522
10.16,0.000166611582444
10.17,0.000201000567055
10.18,0.000247671261753
10.19,0.000298484125867
10.2,0.000337291510095
10.21,0.000368220782784
10.22,0.000377526300954
10.23,0.000369155020102
10.24,0.000345940753882
10.25,0.000310911711068
10.26,0.000267713183518
10.27,0.000220091829469
10.28,0.000166414511451
10.29,0.000114098380833
10.3,7.38476206661e-05
10.31,4.25547751237e-05
10.32,1.97104233179e-05
10.33,1.39921983555e-06
10.34,-6.98158116075e-06
10.35,-6.24371180402e-06
10.36,-9.81848041981e-07
10.37,9.62942048011e-06
10.38,2.27656223948e-05
10.39,3.65103421327e-05
10.4,5.14897258737e-05
10.41,6.52559474981e-05
10.42,8.15334818807e-05
10.43,9.7403612672e-05
10.44,-0.00275715945054
10.45,-0.0279770777635
10.46,-0.0772862846214
10.47,-0.129596917694
10.48,-0.199798219177
10.49,-0.268020178666
10.5,-0.314890752961
10.51,-0.340325419642
10.52,-0.347943001995
10.53,-0.353693216198
10.54,-0.356299958121
10.55,-0.358397529341
10.56,-0.360252286577
10.57,-0.361792585407
10.58,-0.36297908795
10.59,-0.363809036458
10.6,-0.364305879874
10.61,-0.364510504528
10.62,-0.364473384369
10.63,-0.36424919206
10.64,-0.363892724574
10.65,-0.363455853236
10.66,-0.362985859798
10.67,-0.362523723599
10.68,-0.362103414906
10.69,-0.361750856585
10.7,-0.361483866758
10.71,-0.361311980942
10.72,-0.361236780679
10.73,-0.361252948897
10.74,-0.361349061052
10.75,-0.36150953746
10.76,-0.359520297087
10.77,-0.352824550863
10.78,-0.34616934694
10.79,-0.340358449825
10.8,-0.335444772094
10.81,-0.331049457006
10.82,-0.327558847594
10.83,-0.324631502897
10.84,-0.322106769341
10.85,-0.320026347179
10.86,-0.317968402254
10.87,-0.316373319909
10.88,-0.314976815266
10.89,-0.314072302906
10.9,-0.313736013322
10.91,-0.312868431349
10.92,-0.312484829958
10.93,-0.312265504252
10.94,-0.312125250361
10.95,-0.312097747004
10.96,-0.312127072578
10.97,-0.312181903282
10.98,-0.312250402189
10.99,-0.312318002337
11.0,-0.312376500793
11.01,-0.312420317032
11.02,-0.31244649823
11.03,-0.312454493412
11.04,-0.312446122283
11.05,-0.31242263448
11.06,-0.312388054636
11.07,-0.312346521412
11.08,-0.312301975527
11.09,-0.312258042311
11.1,-0.312217870452
11.11,-0.312183651502
11.12,-0.312156904523
11.13,-0.312133855903
11.14,-0.31211968367
11.15,-0.312116363449
11.16,-0.312118296918
11.17,-0.312126559694
11.18,-0.312138250025
11.19,-0.312152604025
11.2,-0.312167615133
11.21,-0.312180435114
11.22,-0.312222677262
11.23,-0.312268434178
11.24,-0.312313491404
11.25,-0.288016774754
11.26,-0.238751120792
11.27,-0.170307945907
11.28,-0.0989795723494
11.29,-0.0333851057268
11.3,0.01613373444
11.31,0.044013276291
11.32,0.0532764273003
11.33,0.0561334161909
11.34,0.0584171468989
11.35,0.0605759286663
11.36,0.0624874024193
11.37,0.0640633481699
11.38,0.0652645200977
11.39,0.0660899895536
11.4,0.066566127897
11.41,0.0667369260708
11.42,0.0666559815203
11.43,0.0663810697646
11.44,0.065969548599
11.45,0.0654759212263
11.46,0.0649494309256
11.47,0.0644329108079
11.48,0.0639616595243
11.49,0.0635625938302
11.5,0.0632542242124
11.51,0.0630461503702
11.52,0.0629399623971
11.53,0.0629296338859
11.54,0.0630031458301
11.55,0.063143824367
11.56,0.0553339398881
11.57,0.0464829944467
11.58,0.0381360271364
11.59,0.0302901231124
11.6,0.0245639405205
11.61,0.0190295509404
11.62,0.015134105401
11.63,0.0113823258356
11.64,0.0082778609738
11.65,0.0061955956643
11.66,0.00422552667899
11.67,0.00292199317192
11.68,0.00197735328246
11.69,0.0011762601476
11.7,0.000661243109587
11.71,0.000305114606539
11.72,5.84355098421e-05
11.73,-8.95623898738e-05
11.74,-0.000113992552293
11.75,-7.0307723107e-05
11.76,9.1723008393e-06
11.77,0.000104750498086
11.78,0.000209425218272
11.79,0.000295480721307
11.8,0.000361423306995
11.81,0.000404175221016
11.82,0.000422623702454
11.83,0.000417690363915
11.84,0.000392365258535
11.85,0.000350877675665
11.86,0.000295051468195
11.87,0.000230981774184
11.88,0.000164359044033
11.89,0.000109004615919
11.9,6.25889279813e-05
11.91,2.57825779166e-05
11.92,-8.42291297598e-07
11.93,-1.63485371769e-05
11.94,-2.19835959627e-05
11.95,-1.90071351915e-05
11.96,-9.08579029346e-06
11.97,5.69405635442e-06
11.98,2.44522814983e-05
11.99,4.29149884584e-05
12.0,6.02386440334e-05
12.01,7.5397941067e-05
12.02,9.51714490283e-05
12.03,0.000114490234755
12.04,0.000132132403873
12.05,-0.00657557457035
12.06,-0.0317706405241
12.07,-0.0964874128807
12.08,-0.162427152667
12.09,-0.22061678389
12.1,-0.263699632488
12.11,-0.286840555897
12.12,-0.292821708222
12.13,-0.294963762567
12.14,-0.296866922305
12.15,-0.298692620042
12.16,-0.300325468656
12.17,-0.301687107758
12.18,-0.302741224937
12.19,-0.303484125974
12.2,-0.303935727293
12.21,-0.304130803905
12.22,-0.304112859016
12.23,-0.303928831232
12.24,-0.303625860437
12.25,-0.303248880986
12.26,-0.302838754933
12.27,-0.30243141596
12.28,-0.302056698893
12.29,-0.301738015454
12.3,-0.301491622144
12.31,-0.301326834117
12.32,-0.301246099384
12.33,-0.301246099384
12.34,-0.30131617832
12.35,-0.30144474445
12.36,-0.302961344434
12.37,-0.304680066747
12.38,-0.306251163834
12.39,-0.307536033532
12.4,-0.308582278267
12.41,-0.309420805404
12.42,-0.310185180419
12.43,-0.310691653477
12.44,-0.311055916118
12.45,-0.311314254755
12.46,-0.311538325538
12.47,-0.311695284106
12.48,-0.311798683497
12.49,-0.311840461312
12.5,-0.31185954491
12.51,-0.311872890118
12.52,-0.311890564518
12.53,-0.311911353955
12.54,-0.311939988507
12.55,-0.311972162047
12.56,-0.31200764209
12.57,-0.312048935509
12.58,-0.312086114049
12.59,-0.312119777604
12.6,-0.312152783284
12.61,-0.312176822108
12.62,-0.312194601316
12.63,-0.312206523093
12.64,-0.312212170123
12.65,-0.312215355884
12.66,-0.312214806018
12.67,-0.312211298211
12.68,-0.312205678402
12.69,-0.31219920777
12.7,-0.312192688889
12.71,-0.312186802523
12.72,-0.312180973893
12.73,-0.312176221841
12.74,-0.312173415435
12.75,-0.312171931373
12.76,-0.312170983349
12.77,-0.312171056057
12.78,-0.312171755671
12.79,-0.312171755671
12.8,-0.312174015292
12.81,-0.312175384619
12.82,-0.312209358389
12.83,-0.31224764699
12.84,-0.305558541048
12.85,-0.280372569499
12.86,-0.231055136956
12.87,-0.162572146845
12.88,-0.0918725772889
12.89,-0.0272949661403
12.9,0.0213386591658
12.91,0.0683776021405
12.92,0.0959700057978
12.93,0.101050554631
12.94,0.103552959063
12.95,0.105932209397
12.96,0.108106094195
12.97,0.109956712677
12.98,0.111419003794
12.99,0.112474655555
13.0,0.113139966466
13.01,0.113454896141
13.02,0.113473817561
13.03,0.113258009257
13.04,0.112870664687
13.05,0.112372608391
13.06,0.111820066581
13.07,0.111262376218
13.08,0.110740957427
13.09,0.110288334454
13.1,0.109927494374
13.11,0.109672162834
13.12,0.109526664346
13.13,0.109487228108
13.14,0.109542783811
13.15,0.109676947745
13.16,0.0959632652588
13.17,0.0804428133646
13.18,0.0665794213648
13.19,0.0548361074972
13.2,0.0450023139311
13.21,0.0365857508445
13.22,0.0296842161076
13.23,0.0239039378682
13.24,0.0190649738269
13.25,0.0150321396521
13.26,0.0116984431653
13.27,0.00897434662507
13.28,0.00678119910017
13.29,0.00504807014122
13.3,0.00370936253768
13.31,0.00248406632302
13.32,0.00155655965961
13.33,0.001073937109
13.34,0.000800579140673
13.35,0.000659109147881
13.36,0.000604218685762
13.37,0.000603008254426
13.38,0.000629802491196
13.39,0.000664586984191
13.4,0.000695963378036
13.41,0.000707882929841
13.42,0.000699392803653
13.43,0.000666850034883
13.44,0.00061022254393
13.45,0.000536910155016
13.46,0.00044610229339
13.47,0.000355480986006
13.48,0.000255289420531
13.49,0.000159903812474
13.5,8.79806060161e-05
13.51,2.0745741502e-05
13.52,-2.05042782659e-05
13.53,-4.85271270541e-05
13.54,-5.71161587826e-05
13.55,-5.29797988444e-05
13.56,-3.92977266586e-05
13.57,-1.83493692454e-05
13.58,5.97277076508e-06
13.59,3.13378184642e-05
13.6,5.56068557835e-05
13.61,7.70476992868e-05
13.62,9.75261593088e-05
13.63,0.000120350600238
13.64,0.000141481104285
13.65,-0.0241654557868
13.66,-0.0734272400798
13.67,-0.142038196586
13.68,-0.214334473193
13.69,-0.287203785429
13.7,-0.338327372624
13.71,-0.366803948661
13.72,-0.378482682239
13.73,-0.381361276084
13.74,-0.383747119671
13.75,-0.386021791489
13.76,-0.388047359672
13.77,-0.389728840776
13.78,-0.391023028777
13.79,-0.391927387227
13.8,-0.3924679709
13.81,-0.392689725485
13.82,-0.39264783132
13.83,-0.392402037162
13.84,-0.392011897213
13.85,-0.391533966389
13.86,-0.391019664587
13.87,-0.390513571053
13.88,-0.390052655008
13.89,-0.389665232883
13.9,-0.389370858854
13.91,-0.389179950782
13.92,-0.389094501471
13.93,-0.389108767136
13.94,-0.3892104802
13.95,-0.389382723947
13.96,-0.379792937521
13.97,-0.36892188611
13.98,-0.359205784505
13.99,-0.350967689348
14.0,-0.344057584128
14.01,-0.337210262037
14.02,-0.331493299442
14.03,-0.327499268959
14.04,-0.323561588616
14.05,-0.320813954442
14.06,-0.318208026781
14.07,-0.316461010482
14.08,-0.315181648473
14.09,-0.313991688427
14.1,-0.313079232764
14.11,-0.312569957032
14.12,-0.312280549197
14.13,-0.312132072133
14.14,-0.312075201917
14.15,-0.312077401838
14.16,-0.312142089114
14.17,-0.312235217238
14.18,-0.31234312992
14.19,-0.312435675757
14.2,-0.312512882977
14.21,-0.312560871633
14.22,-0.312582007727
14.23,-0.312583396837
14.24,-0.312556573214
14.25,-0.312509890063
14.26,-0.312450006983
14.27,-0.312381847057
14.28,-0.312313579433
14.29,-0.312249166107
14.3,-0.312183690834
14.31,-0.31213611654
14.32,-0.312102732997
14.33,-0.312075947343
14.34,-0.31206606881
14.35,-0.312067803904
14.36,-0.312076709657
14.37,-0.312092476034
14.38,-0.312111979675
14.39,-0.312132781551
14.4,-0.312155343065
14.41,-0.312173617526
14.42,-0.31219084206
14.43,-0.312234371694
14.44,-0.307049356628
14.45,-0.285819798702
14.46,-0.236594907904
14.47,-0.166674127517
14.48,-0.101080467807
14.49,-0.0458476649342
14.5,-0.00573902934976
14.51,0.0152204928198
14.52,0.019781882202
14.53,0.0225943458402
14.54,0.0247366614691
14.55,0.0266614908531
14.56,0.0283330451033
14.57,0.0296855207997
14.58,0.0306931113577
14.59,0.0313621369185
14.6,0.0317215435619
14.61,0.0318141530298
14.62,0.0316902073456
14.63,0.0314025472008
14.64,0.031002913861
14.65,0.0305399607779
14.66,0.0300571205837
14.67,0.0295918731366
14.68,0.0291744781252
14.69,0.0288276872355
14.7,0.0285663569823
14.71,0.0283973900085
14.72,0.0283205620378
14.73,0.0283288925164
14.74,0.028410343932
14.75,0.0285488830391
14.76,0.0255567887807
14.77,0.0216322463315
14.78,0.0180865798196
14.79,0.0150602222336
14.8,0.0125021963167
14.81,0.0103309534284
14.82,0.00815187908307
14.83,0.00651983218694
14.84,0.00519709398966
14.85,0.00408670417157
14.86,0.00315281278546
14.87,0.00223556477727
14.88,0.00158462800299
14.89,0.000983419643563
14.9,0.000522977707633
14.91,0.00018815370237
14.92,2.91888014652e-05
14.93,-3.97418124174e-05
14.94,-5.4949983765e-05
14.95,-4.33653327887e-05
14.96,-1.92684942624e-06
14.97,5.36488667584e-05
14.98,0.000114456845858
14.99,0.000168613483927
15.0,0.000212862271152
15.01,0.000244326004479
15.02,0.000261859113393
15.03,0.000267031315725
15.04,0.000258554617624
15.05,0.000239920250967
15.06,0.000214174022271
15.07,0.000183263136365
15.08,0.000152087442935
15.09,0.000122373323948
15.1,9.27555305243e-05
15.11,6.72137567626e-05
15.12,4.83256423389e-05
15.13,3.84857110576e-05
15.14,3.45258278256e-05
15.15,3.52598014439e-05
15.16,3.9695346179e-05
15.17,4.66902072906e-05
15.18,5.53265840844e-05
15.19,6.48090133097e-05
15.2,7.49448785005e-05
15.21,8.30479792437e-05
15.22,9.91696363544e-05
15.23,0.000115961662074
15.24,-0.00659173132586
15.25,-0.0317864251406
15.26,-0.0810995176942
15.27,-0.133429855404
15.28,-0.197264277561
15.29,-0.256597499084
15.3,-0.301190729856
15.31,-0.325599045075
15.32,-0.332517778759
15.33,-0.335258546852
15.34,-0.337306243737
15.35,-0.339251767167
15.36,-0.340968123136
15.37,-0.342378527178
15.38,-0.343450670941
15.39,-0.34418613615
15.4,-0.34461045736
15.41,-0.344764122788
15.42,-0.344696204742
15.43,-0.344458726988
15.44,-0.344103467316
15.45,-0.343679028695
15.46,-0.343679028695
15.47,-0.342792259371
15.48,-0.342398725878
15.49,-0.34207222702
15.5,-0.341828336158
15.51,-0.34167503237
15.52,-0.341612778616
15.53,-0.341635643962
15.54,-0.341732300452
15.55,-0.341887404681
15.56,-0.338298360969
15.57,-0.334215008098
15.58,-0.330563457795
15.59,-0.327344072754
15.6,-0.324722483211
15.61,-0.322516185899
15.62,-0.320638290432
15.63,-0.319031176197
15.64,-0.317655600178
15.65,-0.316484054141
15.66,-0.3154958218
15.67,-0.314674211124
15.68,-0.314004170164
15.69,-0.313471176232
15.7,-0.313060513831
15.71,-0.312689136055
15.72,-0.312467800099
15.73,-0.312338760328
15.74,-0.312271823569
15.75,-0.312248678759
15.76,-0.312255131478
15.77,-0.31227677746
15.78,-0.312308405883
15.79,-0.312337318168
15.8,-0.312366678544
15.81,-0.31238377929
15.82,-0.312392074235
15.83,-0.312385823663
15.84,-0.312369821587
15.85,-0.31234448283
15.86,-0.312313238582
15.87,-0.312278989242
15.88,-0.312244554277
15.89,-0.312212210097
15.9,-0.312183888444
15.91,-0.312156691828
15.92,-0.312138964443
15.93,-0.312128340109
15.94,-0.31212346361
15.95,-0.312123448709
15.96,-0.312127202488
15.97,-0.312133713012
15.98,-0.312141795793
15.99,-0.312151303521
16.0,-0.312159872171
16.01,-0.3121672795
16.02,-0.312174419132
16.03,-0.312210781947
16.04,-0.312250352625
16.05,-0.304845499737
16.06,-0.257844279755
16.07,-0.191110485155
16.08,-0.121169112947
16.09,-0.0565554981381
16.1,-0.00772746531333
16.11,0.0220641428662
16.12,0.0308311211476
16.13,0.0335203343701
16.14,0.0356954974424
16.15,0.0377744567508
16.16,0.0396323243916
16.17,0.0411786088105
16.18,0.0423705638327
16.19,0.043203576538
16.2,0.0437000275472
16.21,0.0439001190584
16.22,0.0438539411272
16.23,0.0436159124393
16.24,0.0432407511918
16.25,0.0427803987268
16.26,0.0422824494121
16.27,0.0417882913816
16.28,0.0413325623883
16.29,0.0409420201868
16.3,0.0406354055281
16.31,0.0404232498083
16.32,0.0403080475737
16.33,0.0402853449234
16.34,0.0403443726678
16.35,0.0404699834129
16.36,0.0355221824457
16.37,0.029914678498
16.38,0.0249074631632
16.39,0.0199481167743
16.4,0.0162825643539
16.41,0.0131344127475
16.42,0.0106918711509
16.43,0.00864441214315
16.44,0.00659882790496
16.45,0.00488241551702
16.46,0.00347908483829
16.47,0.00253132857243
16.48,0.00162285105663
16.49,0.00103383979784
16.5,0.000628313313133
16.51,0.000348943937114
16.52,0.000169015301786
16.53,6.91172889566e-05
16.54,3.17364357909e-05
16.55,4.01666644101e-05
16.56,7.9141956062e-05
16.57,0.000134863833314
16.58,0.000200803009588
16.59,0.000258462200845
16.6,0.00030433076239
16.61,0.000335333471944
16.62,0.00034979691317
16.63,0.000347969292026
16.64,0.000331471064321
16.65,0.000302937732392
16.66,0.000266209626762
16.67,0.000222826170918
16.68,0.000175799887578
16.69,0.000135146136891
16.7,9.4409393316e-05
16.71,6.53615148969e-05
16.72,4.5198786212e-05
16.73,2.90569342458e-05
16.74,2.06986177731e-05
16.75,2.16335600269e-05
16.76,2.82974459158e-05
16.77,3.85999395554e-05
16.78,5.08564332455e-05
16.79,6.514561088e-05
16.8,7.78062169067e-05
16.81,8.88473621292e-05
16.82,0.000107708466156
16.83,0.000127002094871
16.84,-0.00423741337648
16.85,-0.0118695877261
16.86,-0.0371096463901
16.87,-0.101329801268
16.88,-0.17215162901
16.89,-0.23767409754
16.9,-0.287132646532
16.91,-0.314899169978
16.92,-0.324013200515
16.93,-0.327196710303
16.94,-0.329252838845
16.95,-0.331261390032
16.96,-0.333075276912
16.97,-0.334600547289
16.98,-0.335791987635
16.99,-0.336641727984
17.0,-0.337168774895
17.01,-0.337409900582
17.02,-0.337411816788
17.03,-0.337226046986
17.04,-0.336904407539
17.05,-0.336496680252
17.06,-0.336048319908
17.07,-0.335599332057
17.08,-0.335183270123
17.09,-0.334826322898
17.1,-0.334547188144
17.11,-0.334356654724
17.12,-0.334258143399
17.13,-0.334247996228
17.14,-0.33431680567
17.15,-0.334450586049
17.16,-0.331788580878
17.17,-0.328765781551
17.18,-0.325732402787
17.19,-0.323400552806
17.2,-0.321509358958
17.21,-0.319621766439
17.22,-0.318249969363
17.23,-0.317107019551
17.24,-0.315951607396
17.25,-0.314936903976
17.26,-0.314118446615
17.27,-0.313547107394
17.28,-0.313101575815
17.29,-0.312679657436
17.3,-0.312355675956
17.31,-0.312166808934
17.32,-0.312058977033
17.33,-0.312007421795
17.34,-0.311986551365
17.35,-0.312007250472
17.36,-0.312048035737
17.37,-0.312102526024
17.38,-0.312160478301
17.39,-0.312214599958
17.4,-0.312260032099
17.41,-0.312293580123
17.42,-0.312313960611
17.43,-0.312324515221
17.44,-0.312319813615
17.45,-0.312304835133
17.46,-0.312282548053
17.47,-0.31225405304
17.48,-0.312225506486
17.49,-0.312194618792
17.5,-0.312169590081
17.51,-0.312148226072
17.52,-0.312133254154
17.53,-0.312123218374
17.54,-0.312116911468
17.55,-0.312116414163
17.56,-0.312118996532
17.57,-0.31212486007
17.58,-0.312132556599
17.59,-0.312140884547
17.6,-0.3121491053
17.61,-0.312156551118
17.62,-0.31219228471
17.63,-0.312231425494
17.64,-0.305542877882
17.65,-0.280358177645
17.66,-0.231043094265
17.67,-0.178709460545
17.68,-0.111522808949
17.69,-0.0492686151564
17.7,-0.00266214163202
17.71,0.042355369534
17.72,0.0526496084222
17.73,0.055332395969
17.74,0.057548723419
17.75,0.0596823278917
17.76,0.0616004263086
17.77,0.0632053811231
17.78,0.0644494834382
17.79,0.0653248541026
17.8,0.0658527222441
17.81,0.0660732661029
17.82,0.0660379046999
17.83,0.0658028574437
17.84,0.0654248456461
17.85,0.0649580765547
17.86,0.064451765445
17.87,0.0639490645478
17.88,0.0634855320473
17.89,0.0630888872269
17.9,0.0627782063319
17.91,0.0625641914955
17.92,0.0624494351433
17.93,0.0624290696253
17.94,0.0624923024778
17.95,0.0626234245482
17.96,0.0548706414371
17.97,0.0460888236457
17.98,0.0382440955764
17.99,0.031593967017
18.0,0.0250184264915
18.01,0.0201993761524
18.02,0.0163665685357
18.03,0.0131838646185
18.04,0.0105107066831
18.05,0.00826888883828
18.06,0.00606500133902
18.07,0.00448982914121
18.08,0.00329578542699
18.09,0.00237385355374
18.1,0.00167354096758
18.11,0.00115923068463
18.12,0.000800070155199
18.13,0.000552452919125
18.14,0.000391692608964
18.15,0.000312404105972
18.16,0.000286238442264
18.17,0.000312379428501
18.18,0.000356703048941
18.19,0.000406826761216
18.2,0.000445007440258
18.21,0.000468602885914
18.22,0.000472676639674
18.23,0.000461282376721
18.24,0.000431445965097
18.25,0.000385849688631
18.26,0.000328587004215
18.27,0.000266720994773
18.28,0.000209426749337
18.29,0.000156664764613
18.3,0.000110711035708
18.31,7.35749617102e-05
18.32,4.62749816781e-05
18.33,2.80943455739e-05
18.34,2.03997511519e-05
18.35,1.88631477136e-05
18.36,2.59130976588e-05
18.37,3.82132728851e-05
18.38,5.33603114432e-05
18.39,6.93520500916e-05
18.4,8.48080823967e-05
18.41,0.000107192341724
18.42,0.000130136295553
18.43,-0.00657163687018
18.44,-0.0317607462946
18.45,-0.0810686036541
18.46,-0.133394638169
18.47,-0.202459466192
18.48,-0.268307452853
18.49,-0.318213974006
18.5,-0.34637924402
18.51,-0.355815141757
18.52,-0.358630692065
18.53,-0.360850218435
18.54,-0.36295385843
18.55,-0.364823711333
18.56,-0.366372935674
18.57,-0.367562197143
18.58,-0.368389436691
18.59,-0.368879493077
18.6,-0.369074356539
18.61,-0.36902569267
18.62,-0.368789264144
18.63,-0.368420473896
18.64,-0.367972006129
18.65,-0.367491369034
18.66,-0.367019948122
18.67,-0.366591655694
18.68,-0.366232497307
18.69,-0.36596020983
18.7,-0.36578406413
18.71,-0.365705579881
18.72,-0.365719049451
18.73,-0.365813039339
18.74,-0.365971549974
18.75,-0.366176031369
18.76,-0.3595648258
18.77,-0.352016416668
18.78,-0.345244436748
18.79,-0.338523001687
18.8,-0.332819187991
18.81,-0.328786547821
18.82,-0.325564139587
18.83,-0.322881593709
18.84,-0.320626267632
18.85,-0.318451054245
18.86,-0.316579443068
18.87,-0.315303424839
18.88,-0.314364654211
18.89,-0.313622099632
18.9,-0.313100560982
18.91,-0.31273818468
18.92,-0.312502879584
18.93,-0.312367463704
18.94,-0.312307592094
18.95,-0.312283914632
18.96,-0.312307486623
18.97,-0.312354465577
18.98,-0.3124064703
18.99,-0.312452469205
19.0,-0.312486204125
19.01,-0.312508159677
19.02,-0.312506911727
19.03,-0.312487171225
19.04,-0.31245265675
19.05,-0.312407328323
19.06,-0.312355351833
19.07,-0.312300910391
19.08,-0.312247961815
19.09,-0.312199697003
19.1,-0.312158708485
19.11,-0.312126479707
19.12,-0.312103795033
19.13,-0.312090466905
19.14,-0.312085686331
19.15,-0.312088189884
19.16,-0.31209623816
19.17,-0.312108104285
19.18,-0.312121959608
19.19,-0.312136348975
19.2,-0.312149831648
19.21,-0.312189372328
19.22,-0.312231818243
19.23,-0.305546383346
19.24,-0.280364868669
19.25,-0.231053135122
19.26,-0.161110902519
19.27,-0.0884306277157
19.28,-0.0218686136597
19.29,0.0283108497086
19.3,0.0566385760619
19.31,0.0662092810322
19.32,0.0738071535981
19.33,0.0767651526966
19.34,0.0790103599617
19.35,0.0809896781715
19.36,0.08263100927
19.37,0.0838913170333
19.38,0.0847665897291
19.39,0.0852817760878
19.4,0.0854805346655
19.41,0.0854174326072
19.42,0.0851515075101
19.43,0.0847421544118
19.44,0.0842456848087
19.45,0.0837132874739
19.46,0.0831895272148
19.47,0.0827109802831
19.48,0.0823058950492
19.49,0.0819933209641
19.5,0.0817835845887
19.51,0.0816783117601
19.52,0.0816716088933
19.53,0.0817512433709
19.54,0.0819001365947
19.55,0.0820985421847
19.56,0.0719305585083
19.57,0.0604030184304
19.58,0.0500591571708
19.59,0.0409396429798
19.6,0.0335435882169
19.61,0.0273745363503
19.62,0.0221944129005
19.63,0.0178373774733
19.64,0.0141827091516
19.65,0.0111370046443
19.66,0.00862420786011
19.67,0.00657882217235
19.68,0.00462305174019
19.69,0.00333263687459
19.7,0.00239363586876
19.71,0.00171453525482
19.72,0.0012395857861
19.73,0.000925765208591
19.74,0.00067530533108
19.75,0.000553953666048
19.76,0.00052372692926
19.77,0.000534460201743
19.78,0.000558420415248
19.79,0.000588049689875
19.8,0.000607935672055
19.81,0.000611634009298
19.82,0.000596500342531
19.83,0.000563142028021
19.84,0.000512985530023
19.85,0.000450321593448
19.86,0.000373608471952
19.87,0.000299880196608
19.88,0.000227715499284
19.89,0.000164221290111
19.9,0.000101217299082
19.91,5.75264826619e-05
19.92,2.0429850708e-05
19.93,2.7339275519e-06
19.94,-2.10078518403e-06
19.95,2.90717851215e-06
19.96,1.42550623212e-05
19.97,3.09189733949e-05
19.98,5.02883013112e-05
19.99,7.11820041368e-05
20.0,9.02473992674e-05
20.01,0.000115473102933
20.02,0.000140887598359
20.03,-0.00655866522558
20.04,-0.031746083153
20.05,-0.0810527493855
20.06,-0.150247867482
20.07,-0.224875379259
20.08,-0.29353903402
20.09,-0.354752650944
20.1,-0.395951708429
20.11,-0.422959750357
20.12,-0.433517541478
20.13,-0.436852731527
20.14,-0.439405314039
20.15,-0.441728534877
20.16,-0.443719240397
20.17,-0.445306550705
20.18,-0.446468197454
20.19,-0.447218866818
20.2,-0.447598974855
20.21,-0.447664512673
20.22,-0.447479403733
20.23,-0.447109873781
20.24,-0.446619944248
20.25,-0.446069019652
20.26,-0.44550936238
20.27,-0.444985104105
20.28,-0.444530913406
20.29,-0.444171678149
20.3,-0.443922364891
20.31,-0.443788156073
20.32,-0.443765581267
20.33,-0.443843507703
20.34,-0.444005117086
20.35,-0.427481443641
20.36,-0.425546205949
20.37,-0.425711211379
20.38,-0.423053291845
20.39,-0.412516820648
20.4,-0.391719708016
20.41,-0.362150022041
20.42,-0.336801118282
20.43,-0.320413876324
20.44,-0.304965717863
20.45,-0.305266828328
20.46,-0.318343756661
20.47,-0.319303753225
20.48,-0.318600342405
20.49,-0.31796822444
20.5,-0.31749255727
20.51,-0.317178088236
20.52,-0.317013882082
20.53,-0.316980894314
20.54,-0.317055579572
20.55,-0.317212922367
20.56,-0.317428062002
20.57,-0.317677879307
20.58,-0.317941492918
20.59,-0.318201121654
20.6,-0.318442256356
20.61,-0.31865380713
20.62,-0.318828438287
20.63,-0.318962109439
20.64,-0.31905434081
20.65,-0.319107385607
20.66,-0.319126138163
20.67,-0.319117212067
20.68,-0.319088353261
20.69,-0.31904784871
20.7,-0.318093020876
20.71,-0.317026439538
20.72,-0.316084991062
20.73,-0.315303157173
20.74,-0.314548900426
20.75,-0.314023835088
20.76,-0.313537210692
20.77,-0.313184926172
20.78,-0.312962386395
20.79,-0.312799895726
20.8,-0.312676989964
20.81,-0.312694283945
20.82,-0.312731144034
20.83,-0.306028203387
20.84,-0.280791016345
20.85,-0.231373165375
20.86,-0.163479888488
20.87,-0.0979301313215
20.88,-0.0394515986573
20.89,0.0185341334765
20.9,0.0441887318545
20.91,0.0507965872775
20.92,0.0533287995721
20.93,0.0555737663807
20.94,0.05769449181
20.95,0.0595632409405
20.96,0.0610961078403
20.97,0.0622574470952
20.98,0.0630488555701
20.99,0.063498144419
21.0,0.0636499961466
21.01,0.0635580766577
21.02,0.0632796658425
21.03,0.0628713371019
21.04,0.0623865278297
21.05,0.0618732934437
21.06,0.0613731281461
21.07,0.0609200686142
21.08,0.0605397937519
21.09,0.0602497002407
21.1,0.060058475505
21.11,0.0599670147239
21.12,0.0599688768161
21.13,0.0600518294101
21.14,0.0601993016492
21.15,0.0536921623743
21.16,0.0452334061715
21.17,0.0375849831063
21.18,0.0310712411028
21.19,0.0255972064199
21.2,0.0209935611981
21.21,0.0171096823315
21.22,0.0160743324859
21.23,0.0110590606406
21.24,0.00839158469028
21.25,0.00641799350004
21.26,0.0045305815389
21.27,0.00325250837443
21.28,0.00232164322272
21.29,0.00162717262475
21.3,0.00111972649912
21.31,0.000765543486574
21.32,0.000471434308043
21.33,0.000330950693973
21.34,0.000279682003404
21.35,0.000281266775982
21.36,0.00030655590039
21.37,0.000351056702677
21.38,0.000397775777852
21.39,0.000442005885926
21.4,0.000466890565895
21.41,0.000478650631206
21.42,0.000466916907488
21.43,0.000438778928821
21.44,0.000396530304795
21.45,0.000345744648157
21.46,0.000287328347042
21.47,0.000231523902182
21.48,0.000179352883219
21.49,0.000133396046655
21.5,9.57534367658e-05
21.51,6.75465629372e-05
21.52,4.42625381054e-05
21.53,3.08238626112e-05
21.54,2.67983563718e-05
21.55,3.30349683093e-05
21.56,4.48121670429e-05
21.57,5.95494770939e-05
21.58,7.67812708578e-05
21.59,9.23046540247e-05
21.6,0.000105899643128
21.61,0.000118965602336
21.62,0.000141018624293
21.63,-0.0065611571651
21.64,-0.031752015869
21.65,-0.0810633504517
21.66,-0.145788284337
21.67,-0.206771246897
21.68,-0.26017382677
21.69,-0.313012529076
21.7,-0.335650260833
21.71,-0.349644952313
21.72,-0.35245555066
21.73,-0.354611381128
21.74,-0.356648753267
21.75,-0.35845609852
21.76,-0.359950454223
21.77,-0.361094462453
21.78,-0.361886692007
21.79,-0.362351727246
21.8,-0.362530598929
21.81,-0.362473881007
21.82,-0.362235858689
21.83,-0.361870663876
21.84,-0.361429614938
21.85,-0.360958927255
21.86,-0.36049881961
21.87,-0.360082071521
21.88,-0.359733818697
21.89,-0.359470873248
21.9,-0.359301988173
21.91,-0.359228269138
21.92,-0.359243796241
21.93,-0.359337131203
21.94,-0.359492483014
21.95,-0.353671775739
21.96,-0.347065437692
21.97,-0.34116000059
21.98,-0.33560307575
21.99,-0.331364478857
22.0,-0.327881486445
22.01,-0.32441886582
22.02,-0.321872471824
22.03,-0.319840491497
22.04,-0.317834007605
22.05,-0.316392638611
22.06,-0.315280877523
22.07,-0.314401817971
22.08,-0.313714970754
22.09,-0.313193960202
22.1,-0.312728293293
22.11,-0.312392304368
22.12,-0.312233514085
22.13,-0.312128151969
22.14,-0.3120971539
22.15,-0.31212964296
22.16,-0.312187833261
22.17,-0.312253416362
22.18,-0.312313561316
22.19,-0.312364779002
22.2,-0.312404856882
22.21,-0.312420476422
22.22,-0.312416857532
22.23,-0.312397714234
22.24,-0.31236633509
22.25,-0.31232658454
22.26,-0.312282276383
22.27,-0.312237221048
22.28,-0.312194691476
22.29,-0.312157280863
22.3,-0.31212691671
22.31,-0.31210389213
22.32,-0.312089712262
22.33,-0.312080313538
22.34,-0.312080212881
22.35,-0.312086179833
22.36,-0.3120960514
22.37,-0.312108189195
22.38,-0.31212229992
22.39,-0.312136427574
22.4,-0.312147429988
22.41,-0.31218390331
22.42,-0.312222958226
22.43,-0.305534118569
22.44,-0.280349261416
22.45,-0.23103442847
22.46,-0.178700671925
22.47,-0.112573168502
22.48,-0.0496604507097
22.49,0.0130098299106
22.5,0.0611387313714
22.51,0.0722395709107
22.52,0.0750891452101
22.53,0.0774313128047
22.54,0.0797077591502
22.55,0.0817718156005
22.56,0.0835136540806
22.57,0.0848771410164
22.58,0.0858500160675
22.59,0.0864518814428
22.6,0.0867235577011
22.61,0.0867185228416
22.62,0.0864958898672
22.63,0.0861158077145
22.64,0.0856357468777
22.65,0.0851084827657
22.66,0.0845801371278
22.67,0.0840892055238
22.68,0.0836658428745
22.69,0.0833311582223
22.7,0.0830975472542
22.71,0.0829685608568
22.72,0.0829401451121
22.73,0.0830014148566
22.74,0.0831364774878
22.75,0.0727891244662
22.76,0.0610915380876
22.77,0.0493167061301
22.78,0.0402765042193
22.79,0.0330016895092
22.8,0.026971684315
22.81,0.0209916266668
22.82,0.0166146027733
22.83,0.013148654527
22.84,0.0103018834964
22.85,0.00795498554703
22.86,0.00595780197995
22.87,0.00441605236374
22.88,0.00296178509087
22.89,0.0020140665692
22.9,0.00137100967869
22.91,0.000936719780604
22.92,0.000578652061167
22.93,0.000405181552154
22.94,0.000347631750447
22.95,0.000353981232808
22.96,0.000395704902172
22.97,0.000452448198627
22.98,0.000513545145708
22.99,0.000557668063957
23.0,0.000582339250959
23.01,0.000584803428233
23.02,0.000568210768963
23.03,0.000528862591228
23.04,0.000472764236711
23.05,0.00040349544518
23.06,0.000328544981191
23.07,0.000256620184827
23.08,0.000189848074213
23.09,0.000131769528863
23.1,8.4825962233e-05
23.11,5.04842200826e-05
23.12,2.89283695887e-05
23.13,1.93460799469e-05
23.14,1.90072341741e-05
23.15,2.68391461278e-05
23.16,4.1801908083e-05
23.17,6.05108122169e-05
23.18,8.19935297995e-05
23.19,0.000103163146317
23.2,0.000119981459555
23.21,0.000146204392671
23.22,0.00017235387794
23.23,-0.0050313190894
23.24,-0.0301904005834
23.25,-0.0794965009094
23.26,-0.146308772193
23.27,-0.21531821983
23.28,-0.267754859208
23.29,-0.315613540941
23.3,-0.343978613599
23.31,-0.345557256147
23.32,-0.347439795172
23.33,-0.349586263468
23.34,-0.351613113163
23.35,-0.35338364105
23.36,-0.354823728106
23.37,-0.355905002864
23.38,-0.356633519619
23.39,-0.357038803202
23.4,-0.357165422812
23.41,-0.357065529105
23.42,-0.356794128217
23.43,-0.356405157849
23.44,-0.35594909072
23.45,-0.355471350617
23.46,-0.355010716188
23.47,-0.354598923734
23.48,-0.354259602772
23.49,-0.354008426927
23.5,-0.353852822175
23.51,-0.35379266256
23.52,-0.353821125128
23.53,-0.353925722491
23.54,-0.354090142953
23.55,-0.3542956459
23.56,-0.349169159844
23.57,-0.343316989684
23.58,-0.337411801507
23.59,-0.332103774079
23.6,-0.328301421679
23.61,-0.325291442576
23.62,-0.322300771361
23.63,-0.320115460019
23.64,-0.317997601055
23.65,-0.316513616065
23.66,-0.315375739311
23.67,-0.314472102907
23.68,-0.31376072293
23.69,-0.313216063028
23.7,-0.312816355505
23.71,-0.31253988423
23.72,-0.312358919414
23.73,-0.312264792209
23.74,-0.31223129211
23.75,-0.312239593536
23.76,-0.312273245564
23.77,-0.312319713658
23.78,-0.312370386687
23.79,-0.312410024431
23.8,-0.312436134616
23.81,-0.312446964043
23.82,-0.312442139012
23.83,-0.312422762163
23.84,-0.312391355257
23.85,-0.312351050831
23.86,-0.312305600416
23.87,-0.312258536093
23.88,-0.312209493137
23.89,-0.312168541238
23.9,-0.31212849849
23.91,-0.312101782421
23.92,-0.312084750082
23.93,-0.312072530994
23.94,-0.312068105138
23.95,-0.312072269248
23.96,-0.312081464803
23.97,-0.312093551215
23.98,-0.312106987034
23.99,-0.31212040987
24.0,-0.312132789329
24.01,-0.312169166105
24.02,-0.312208243253
24.03,-0.305519896825
24.04,-0.280336552239
24.05,-0.25279219302
24.06,-0.203320214057
24.07,-0.135616989457
24.08,-0.0719066124207
24.09,-0.0164753247231
24.1,0.00682975187715
24.11,0.0263779518285
24.12,0.0304242597968
24.13,0.0325477866813
24.14,0.0331686448885
24.15,0.0363899876974
24.16,0.0379360262987
24.17,0.0391493357996
24.18,0.0400177069814
24.19,0.0405575563479
24.2,0.0408042981515
24.21,0.0408046004935
24.22,0.0406106193761
24.23,0.0402753405818
24.24,0.0398498112379
24.25,0.0393807201514
24.26,0.0389092626146
24.27,0.038469774185
24.28,0.0380891881198
24.29,0.0377866748377
24.3,0.0375733000601
24.31,0.0374527087554
24.32,0.0374213261781
24.33,0.0374698647695
24.34,0.0375842656098
24.35,0.0377475529481
24.36,0.0331700827972
24.37,0.0279782332965
24.38,0.0233093839397
24.39,0.0193297054045
24.4,0.0159705475348
24.41,0.0126230893721
24.42,0.0101426012239
24.43,0.00814957722815
24.44,0.00644645744781
24.45,0.00499304603865
24.46,0.00382945603761
24.47,0.00288194900616
24.48,0.00197382157703
24.49,0.00135900648318
24.5,0.000925787376159
24.51,0.000543800529598
24.52,0.000276427761171
24.53,0.000157087844276
24.54,0.000116359415749
24.55,0.000114658264847
24.56,0.000146636294115
24.57,0.000193349087881
24.58,0.000247560500528
24.59,0.000295688471042
24.6,0.000333504446884
24.61,0.000354709817651
24.62,0.000365679690537
24.63,0.000358536277682
24.64,0.000339446970872
24.65,0.000309591531448
24.66,0.000273212978759
24.67,0.000233861528337
24.68,0.00019474278027
24.69,0.000158457642941
24.7,0.000127099569027
24.71,9.73174110657e-05
24.72,7.44832206516e-05
24.73,6.18594568573e-05
24.74,5.81193792941e-05
24.75,6.01351210912e-05
24.76,6.62715627184e-05
24.77,7.52960341814e-05
24.78,8.66122429692e-05
24.79,9.77265149942e-05
24.8,0.000108113914431
24.81,0.000129621873827
24.82,0.000152364896513
24.83,-0.00654983561728
24.84,-0.0216492260446
24.85,-0.0710261399795
24.86,-0.137837514067
24.87,-0.198895637478
24.88,-0.253080167588
24.89,-0.293618988297
24.9,-0.315235240319
24.91,-0.320325254813
24.92,-0.323651402464
24.93,-0.325807303106
24.94,-0.327695029786
24.95,-0.329344587612
24.96,-0.330691455507
24.97,-0.331707639627
24.98,-0.332396859049
24.99,-0.332785395974
25.0,-0.332913449563
25.01,-0.332829092442
25.02,-0.332582955129
25.03,-0.332225211698
25.04,-0.331802897542
25.05,-0.331358348757
25.06,-0.330928151106
25.07,-0.330541923366
25.08,-0.330222217692
25.09,-0.329983762437
25.1,-0.32983394232
25.11,-0.329772858047
25.12,-0.32979435796
25.13,-0.329887168786
25.14,-0.330036099821
25.15,-0.327942570672
25.16,-0.325570349483
25.17,-0.323433131294
25.18,-0.32156988853
25.19,-0.319747320252
25.2,-0.318384564363
25.21,-0.317269023435
25.22,-0.316311365678
25.23,-0.315478415577
25.24,-0.314755639898
25.25,-0.314135312127
25.26,-0.313612363984
25.27,-0.313181975964
25.28,-0.312838562316
25.29,-0.31252076563
25.3,-0.312322354958
25.31,-0.312159944223
25.32,-0.31208670606
25.33,-0.312043837146
25.34,-0.312050063338
25.35,-0.312080808232
25.36,-0.31212261723
25.37,-0.312170931046
25.38,-0.312217907741
25.39,-0.312251863952
25.4,-0.312274514355
25.41,-0.312290372481
25.42,-0.3122919032
25.43,-0.3122829908
25.44,-0.312266330857
25.45,-0.312244320887
25.46,-0.312219041253
25.47,-0.312193637812
25.48,-0.312169515776
25.49,-0.312148235344
25.5,-0.3121308134
25.51,-0.312117781074
25.52,-0.312109351525
25.53,-0.312105130356
25.54,-0.31210466861
25.55,-0.31210711116
25.56,-0.312111707775
25.57,-0.31211773295
25.58,-0.312124038857
25.59,-0.312130459757
25.6,-0.312135990945
25.61,-0.312167735383
25.62,-0.312202521182
25.63,-0.305510198789
25.64,-0.297933854153
25.65,-0.250930819968
25.66,-0.185529429869
25.67,-0.120459786117
25.68,-0.060905340049
25.69,-0.0159608071723
25.7,0.0275270464234
25.71,0.0713453908567
25.72,0.0812529149339
25.73,0.084026230915
25.74,0.0863154306512
25.75,0.0884580224899
25.76,0.0903363247229
25.77,0.0918684800479
25.78,0.0930203592235
25.79,0.0937950011863
25.8,0.0942221124223
25.81,0.0943483380018
25.82,0.0942296213844
25.83,0.0939255904967
25.84,0.0934950318385
25.85,0.0929931861941
25.86,0.0924693708514
25.87,0.0919658611078
25.88,0.0915165865974
25.89,0.0911467064651
25.9,0.0908724459883
25.91,0.0907010373805
25.92,0.0906317467675
25.93,0.0906564499927
25.94,0.0907615023893
25.95,0.0794202450365
25.96,0.0665965215261
25.97,0.055152548271
25.98,0.0454665808966
25.99,0.0359072430295
26.0,0.0284997286166
26.01,0.0229822614761
26.02,0.0184707407179
26.03,0.0147130193891
26.04,0.0110051424202
26.05,0.0083323911801
26.06,0.00627494371461
26.07,0.00465132004204
26.08,0.00311970707615
26.09,0.00190809777757
26.1,0.00119495983717
26.11,0.000720099163984
26.12,0.000363553049067
26.13,0.000216668962654
26.14,0.000168286796616
26.15,0.000200590406854
26.16,0.000269819824761
26.17,0.000353238018169
26.18,0.000434238160941
26.19,0.000511709083716
26.2,0.000562897427528
26.21,0.000581570267464
26.22,0.000573394032363
26.23,0.000541617442755
26.24,0.00049081109985
26.25,0.000426365444739
26.26,0.000354326274687
26.27,0.00028059785236
26.28,0.000210417861889
26.29,0.000138861316252
26.3,8.64703355994e-05
26.31,4.02508140986e-05
26.32,1.32769596153e-05
26.33,-2.3448042521e-06
26.34,-1.21369048101e-06
26.35,1.04980877125e-05
26.36,2.86828517897e-05
26.37,5.18080647969e-05
26.38,7.49234375528e-05
26.39,9.67966031911e-05
26.4,0.000119188595961
26.41,0.000137964565635
26.42,0.000164895611888
26.43,-0.00653307860276
26.44,-0.0317208679265
26.45,-0.0810301289912
26.46,-0.149863277818
26.47,-0.222441847817
26.48,-0.289054370801
26.49,-0.339280582678
26.5,-0.387863790276
26.51,-0.400121532755
26.52,-0.407891334595
26.53,-0.410970927256
26.54,-0.413374391538
26.55,-0.415532753885
26.56,-0.417355201725
26.57,-0.418784969539
26.58,-0.419809218798
26.59,-0.420448010562
26.6,-0.420743714128
26.61,-0.420751606382
26.62,-0.420533391061
26.63,-0.420151627552
26.64,-0.41966653402
26.65,-0.419133171313
26.66,-0.418599777452
26.67,-0.418106657459
26.68,-0.417684988046
26.69,-0.417356833372
26.7,-0.417134616614
26.71,-0.417021936934
26.72,-0.417014051335
26.73,-0.417099383593
26.74,-0.417261134235
26.75,-0.404126053249
26.76,-0.389251057782
26.77,-0.375960743513
26.78,-0.364700015943
26.79,-0.353579996694
26.8,-0.345455227856
26.81,-0.337610635653
26.82,-0.332112621387
26.83,-0.327847487841
26.84,-0.324371175354
26.85,-0.321516576201
26.86,-0.319192820011
26.87,-0.317332921354
26.88,-0.315877674742
26.89,-0.314535076556
26.9,-0.313508154233
26.91,-0.312774731592
26.92,-0.312309881764
26.93,-0.312062883585
26.94,-0.312039496634
26.95,-0.312089072257
26.96,-0.312194813206
26.97,-0.312315211328
26.98,-0.312437338113
26.99,-0.312541239602
27.0,-0.312599821639
27.01,-0.312622696768
27.02,-0.312614328149
27.03,-0.312578962789
27.04,-0.312522079593
27.05,-0.312445633268
27.06,-0.312362552691
27.07,-0.312281775325
27.08,-0.312197759284
27.09,-0.312131422333
27.1,-0.312078877517
27.11,-0.312032545478
27.12,-0.312008309938
27.13,-0.311994336069
27.14,-0.311995867893
27.15,-0.312008623797
27.16,-0.312030067119
27.17,-0.312056649534
27.18,-0.312086009372
27.19,-0.312111504587
27.2,-0.312133222939
27.21,-0.312175271346
27.22,-0.312218502869
27.23,-0.305533109141
27.24,-0.280351832987
27.25,-0.231041124591
27.26,-0.16725613261
27.27,-0.104064858879
27.28,-0.0456052390854
27.29,-0.0020009957999
27.3,0.0402285605406
27.31,0.0643922400225
27.32,0.0689385066821
27.33,0.0712441092451
27.34,0.0734272863225
27.35,0.0754115360098
27.36,0.0770921559892
27.37,0.0784129932994
27.38,0.0793597012733
27.39,0.0799493701351
27.4,0.0802199892041
27.41,0.080222360346
27.42,0.0800133109482
27.43,0.0796508582443
27.44,0.0791909612801
27.45,0.0786847985672
27.46,0.0781773694067
27.47,0.0777060139651
27.48,0.0772999986168
27.49,0.0769797607083
27.5,0.0767570478126
27.51,0.0766353374383
27.52,0.0766103671791
27.53,0.0766717115832
27.54,0.076803819936
27.55,0.0672547733587
27.56,0.0564427688034
27.57,0.0467855247327
27.58,0.0386026896236
27.59,0.0317440189231
27.6,0.0259904634344
27.61,0.0211506549101
27.62,0.0170749514373
27.63,0.013648526308
27.64,0.0107822572123
27.65,0.00840442073511
27.66,0.00645472478573
27.67,0.00488043056923
27.68,0.00363345782552
27.69,0.00246930689972
27.7,0.00171919707649
27.71,0.00107223464453
27.72,0.000519226090634
27.73,0.000318274610372
27.74,0.000185599317793
27.75,0.000182322992713
27.76,0.0002321727688
27.77,0.000299076418155
27.78,0.000372408087725
27.79,0.000429222189411
27.8,0.000468923494441
27.81,0.000492828672945
27.82,0.000494030343605
27.83,0.00046982412125
27.84,0.000428295984834
27.85,0.000375490953747
27.86,0.000311279611609
27.87,0.000243756499763
27.88,0.000186486381259
27.89,0.000137626530521
27.9,9.80366000172e-05
27.91,6.24863101861e-05
27.92,3.7939578283e-05
27.93,2.93619979765e-05
27.94,3.11763448462e-05
27.95,4.02283152301e-05
27.96,5.44366351667e-05
27.97,7.13569101296e-05
27.98,8.9152735971e-05
27.99,0.000106368008881
28.0,0.000121611513157
28.01,0.000145103205455
28.02,0.000171487198361
28.03,0.00019648006672
28.04,-0.00650469611836
28.05,-0.0534566543207
28.06,-0.117076646439
28.07,-0.176931989212
28.08,-0.225373410265
28.09,-0.259826977408
28.1,-0.276353210726
28.11,-0.276164000895
28.12,-0.277526896994
28.13,-0.279290543345
28.14,-0.280946812266
28.15,-0.282381484787
28.16,-0.283538234156
28.17,-0.284397702916
28.18,-0.28496780596
28.19,-0.28527486032
28.2,-0.285356338909
28.21,-0.285255596437
28.22,-0.285017462328
28.23,-0.284685944938
28.24,-0.284301882585
28.25,-0.283902040179
28.26,-0.283517878991
28.27,-0.283174954733
28.28,-0.282892560963
28.29,-0.282683117156
28.3,-0.28255267729
28.31,-0.282500816668
28.32,-0.282521775157
28.33,-0.282605110459
28.34,-0.282737193446
28.35,-0.282902587236
28.36,-0.286806330176
28.37,-0.291163334098
28.38,-0.295318978056
28.39,-0.298569113031
28.4,-0.301216245505
28.41,-0.30337475467
28.42,-0.305131657423
28.43,-0.306555162108
28.44,-0.307701671507
28.45,-0.308799489048
28.46,-0.309697579552
28.47,-0.31027074906
28.48,-0.310678235386
28.49,-0.310994660465
28.5,-0.311231449234
28.51,-0.311415114765
28.52,-0.311588622194
28.53,-0.311705318113
28.54,-0.311804917147
28.55,-0.311886054556
28.56,-0.311937604353
28.57,-0.311984332021
28.58,-0.312013172455
28.59,-0.312033061105
28.6,-0.312047931047
28.61,-0.312059490896
28.62,-0.31206897633
28.63,-0.312077149886
28.64,-0.312085884601
28.65,-0.31209339037
28.66,-0.312100534166
28.67,-0.312107681365
28.68,-0.312114704848
28.69,-0.3121214342
28.7,-0.312128358688
28.71,-0.312134459948
28.72,-0.31213843948
28.73,-0.312140845086
28.74,-0.312141963786
28.75,-0.312141762757
28.76,-0.31214056241
28.77,-0.312138477086
28.78,-0.312135858446
28.79,-0.312132973432
28.8,-0.312130203057
28.81,-0.312155293793
28.82,-0.31218411592
28.83,-0.305486583153
28.84,-0.280294898289
28.85,-0.252743948825
28.86,-0.191776674612
28.87,-0.139395854449
28.88,-0.100392481908
28.89,-0.0775891194868
28.9,-0.0706658118017
28.91,-0.0761171095895
28.92,-0.0755473270675
28.93,-0.0741022621305
28.94,-0.0727833318727
28.95,-0.0716892665112
28.96,-0.0708504636057
28.97,-0.0702685955041
28.98,-0.0699259768013
28.99,-0.0697931095319
29.0,-0.0698336995612
29.01,-0.0700091039957
29.02,-0.0702807494831
29.03,-0.0706122164668
29.04,-0.0709704530644
29.05,-0.071326426606
29.06,-0.0716560688963
29.07,-0.0719404422243
29.08,-0.072166347727
29.09,-0.0723260660285
29.1,-0.07241751159
29.11,-0.0724436112029
29.12,-0.072411511044
29.13,-0.0723318529017
29.14,-0.0722172280841
29.15,-0.0720814175785
29.16,-0.0627698201699
29.17,-0.0522757204344
29.18,-0.0429164442331
29.19,-0.0336852146798
29.2,-0.0269426604553
29.21,-0.020490144612
29.22,-0.0160430058505
29.23,-0.0126584614923
29.24,-0.00994730732726
29.25,-0.00775154376123
29.26,-0.00683548615791
29.27,-0.00456459952087
29.28,-0.00322363735167
29.29,-0.00208432631236
29.3,-0.00143056430314
29.31,-0.000904590030507
29.32,-0.000603563944405
29.33,-0.00041320726738
29.34,-0.000256158071739
29.35,-0.000157184570133
29.36,-0.000122305396726
29.37,-0.000103506120932
29.38,-0.000103201505734
29.39,-0.000110434753399
29.4,-0.00011861879171
29.41,-0.000121109140378
29.42,-0.000115108721316
29.43,-0.000100090931825
29.44,-7.64988067807e-05
29.45,-4.41459340341e-05
29.46,-8.67839880403e-06
29.47,2.85601630652e-05
29.48,6.99537062459e-05
29.49,0.000109593334562
29.5,0.000142863877025
29.51,0.000165671690679
29.52,0.000181069974076
29.53,0.000189701360768
29.54,0.000193937792655
29.55,0.000191015062713
29.56,0.000183747175333
29.57,0.000172816737817
29.58,0.000160131985213
29.59,0.000146934470936
29.6,0.000134592817282
29.61,0.000122206213568
29.62,0.000130698463741
29.63,-0.00658249066429
29.64,-0.0317846682743
29.65,-0.0811082608298
29.66,-0.147653780855
29.67,-0.216358134802
29.68,-0.278010384091
29.69,-0.324437539211
29.7,-0.369352137884
29.71,-0.395430629824
29.72,-0.400294275847
29.73,-0.402731372662
29.74,-0.405045330257
29.75,-0.407156223026
29.76,-0.408951781909
29.77,-0.41037093762
29.78,-0.411397082206
29.79,-0.412046964474
29.8,-0.412359824361
29.81,-0.412388420637
29.82,-0.412192328102
29.83,-0.411832385763
29.84,-0.411367503868
29.85,-0.410851624309
29.86,-0.410332333097
29.87,-0.409849314713
29.88,-0.409433612153
29.89,-0.409107297313
29.9,-0.408883047445
29.91,-0.408764974403
29.92,-0.40874895296
29.93,-0.408824274634
29.94,-0.40897484874
29.95,-0.396878854631
29.96,-0.38318707041
29.97,-0.369416884385
29.98,-0.358849674265
29.99,-0.350350966377
30.0,-0.34331308851
30.01,-0.337418995977
30.02,-0.332466401614
30.03,-0.328311844181
30.04,-0.324845866623
30.05,-0.321980262557
30.06,-0.319639928478
30.07,-0.317758590656
30.08,-0.316275566056
30.09,-0.315134597899
30.1,-0.314282871405
30.11,-0.313526055217
30.12,-0.313088925827
30.13,-0.312777246796
30.14,-0.312588203899
30.15,-0.31253096468
30.16,-0.312542116782
30.17,-0.312579153696
30.18,-0.312620636779
30.19,-0.312653070765
30.2,-0.312668082181
30.21,-0.312661629711
30.22,-0.312632993586
30.23,-0.312584354692
30.24,-0.312519707085
30.25,-0.312438226075
30.26,-0.312357277981
30.27,-0.312278648143
30.28,-0.312195837206
30.29,-0.312131605685
30.3,-0.312082393512
30.31,-0.312047291263
30.32,-0.31202602912
30.33,-0.312015609795
30.34,-0.312017497608
30.35,-0.312027730623
30.36,-0.312045272058
30.37,-0.31206792481
30.38,-0.312090416629
30.39,-0.312111500356
30.4,-0.31212979589
30.41,-0.312159351105
30.42,-0.312199695135
30.43,-0.305511852865
30.44,-0.280328337979
30.45,-0.231015650845
30.46,-0.167228998852
30.47,-0.102392456957
30.48,-0.102392456957
30.49,0.0129463744561
30.5,0.0557433546915
30.51,0.0758478675944
30.52,0.0817896876229
30.53,0.0844687451549
30.54,0.0867557342843
30.55,0.0888256450934
30.56,0.0905789053001
30.57,0.0919575558518
30.58,0.0929468403747
30.59,0.0935646344024
30.6,0.0938504506957
30.61,0.0938571287702
30.62,0.093643601383
30.63,0.0932702288448
30.64,0.0927950092391
30.65,0.0922711151203
30.66,0.0917453424614
30.67,0.0912565940596
30.68,0.0908353742312
30.69,0.0905030199151
30.7,0.0902720077626
30.71,0.0901459851818
30.72,0.0901207498968
30.73,0.0901855097883
30.74,0.0903241833904
30.75,0.0903241833904
30.76,0.0663254906569
30.77,0.0535136981977
30.78,0.0436819277784
30.79,0.0352069277942
30.8,0.0274172907837
30.81,0.0207591981286
30.82,0.0152400599057
30.83,0.0116251408766
30.84,0.00890777592485
30.85,0.00673161709483
30.86,0.00497538920695
30.87,0.00330243838126
30.88,0.00218426590267
30.89,0.00140910059329
30.9,0.000876439642982
30.91,0.000532813512841
30.92,0.000337415316284
30.93,0.000211092758596
30.94,0.00020325447425
30.95,0.000251465170384
30.96,0.000335919345907
30.97,0.000432149646253
30.98,0.000518936053974
30.99,0.000595761604741
31.0,0.000634532918378
31.01,0.000643104312213
31.02,0.000623982393726
31.03,0.000581820559657
31.04,0.000519918930501
31.05,0.000439875681652
31.06,0.000358249350645
31.07,0.000278111027944
31.08,0.000193363679593
31.09,0.000127488211902
31.1,7.70141385655e-05
31.11,4.12077136747e-05
31.12,1.98890052947e-05
31.13,1.19835437151e-05
31.14,1.57229578548e-05
31.15,2.77473777226e-05
31.16,4.74954281544e-05
31.17,7.06208856456e-05
31.18,9.52341827363e-05
31.19,0.000118142155518
31.2,0.000141136389271
31.21,0.000172423733689
31.22,0.000203145287287
31.23,-0.00649308049965
31.24,-0.0140751384785
31.25,-0.0610739220742
31.26,-0.126806097226
31.27,-0.188947119666
31.28,-0.240232691804
31.29,-0.277111026426
31.3,-0.312597536181
31.31,-0.3177975896
31.32,-0.319761305101
31.33,-0.32114960061
31.34,-0.323626721554
31.35,-0.325302996719
31.36,-0.326688576646
31.37,-0.327748780525
31.38,-0.328482705175
31.39,-0.328913075634
31.4,-0.329078085996
31.41,-0.329024427325
31.42,-0.328802150486
31.43,-0.328461299392
31.44,-0.328048987456
31.45,-0.327608122863
31.46,-0.327175716549
31.47,-0.326782399161
31.48,-0.326451537687
31.49,-0.326199015176
31.5,-0.326033361392
31.51,-0.325955752013
31.52,-0.325961216118
31.53,-0.326039233455
31.54,-0.326175533015
31.55,-0.324560385227
31.56,-0.322733534618
31.57,-0.320883698696
31.58,-0.319450577166
31.59,-0.318276068053
31.6,-0.317273288481
31.61,-0.316249313037
31.62,-0.315458062526
31.63,-0.314663849827
31.64,-0.314070125984
31.65,-0.313484791141
31.66,-0.31298959319
31.67,-0.312580663353
31.68,-0.312262455591
31.69,-0.312029875994
31.7,-0.311915750804
31.71,-0.311863923625
31.72,-0.311852239388
31.73,-0.311869941675
31.74,-0.311908527344
31.75,-0.311960697255
31.76,-0.312018702554
31.77,-0.312076729646
31.78,-0.312129705038
31.79,-0.31217398119
31.8,-0.312207367662
31.81,-0.312232075691
31.82,-0.312246184823
31.83,-0.312245744139
31.84,-0.312235657183
31.85,-0.312219084151
31.86,-0.312198649945
31.87,-0.312176698684
31.88,-0.312155043187
31.89,-0.312135456951
31.9,-0.3121189521
31.91,-0.312106010994
31.92,-0.312097393947
31.93,-0.312092544329
31.94,-0.312090305445
31.95,-0.312091859149
31.96,-0.312095878748
31.97,-0.312101235344
31.98,-0.312107264799
31.99,-0.312113267355
32.0,-0.312118823894
32.01,-0.312148518985
32.02,-0.31218115641
32.03,-0.305487157059
32.04,-0.280299251964
32.05,-0.230984025055
32.06,-0.175384936256
32.07,-0.109269737069
32.08,-0.0509779787276
32.09,0.000518572099838
32.1,0.0229887902147
32.11,0.0432985964032
32.12,0.0475435580444
32.13,0.0497529485412
32.14,0.0518167495256
32.15,0.053666582433
32.16,0.0552125612532
32.17,0.0564096217582
32.18,0.0572507769068
32.19,0.0577566485804
32.2,0.0579664321263
32.21,0.0579297437939
32.22,0.0577012013417
32.23,0.0573357026835
32.24,0.0568857600138
32.25,0.0563991477875
32.26,0.0559174305915
32.27,0.0554751275541
32.28,0.0550986982699
32.29,0.0548064779608
32.3,0.0546083620692
32.31,0.0545065551964
32.32,0.0544960365303
32.33,0.0545557013074
32.34,0.0547008860196
32.35,0.0479569610527
32.36,0.0403128032439
32.37,0.0326270303845
32.38,0.0267231700614
32.39,0.0219635861198
32.4,0.0180065186847
32.41,0.0141657883361
32.42,0.0108067743269
32.43,0.00842185095208
32.44,0.00612984459108
32.45,0.0045528346819
32.46,0.00336197791377
32.47,0.00242870843932
32.48,0.00170374979475
32.49,0.001157189576
32.5,0.000763851118539
32.51,0.000499254523452
32.52,0.000339422146112
32.53,0.000227431793545
32.54,0.000204340027701
32.55,0.000229623371479
32.56,0.000278834405794
32.57,0.000314340014397
32.58,0.000393673020655
32.59,0.00043917269892
32.6,0.000475714178889
32.61,0.000487853771436
32.62,0.000475951948166
32.63,0.000447259327038
32.64,0.000405937425179
32.65,0.000356080236377
32.66,0.000302096831061
32.67,0.000247952228241
32.68,0.000197365656103
32.69,0.000153109461124
32.7,0.000117223462522
32.71,9.07609150373e-05
32.72,7.2825602309e-05
32.73,6.49351524076e-05
32.74,6.5007000984e-05
32.75,7.040290226e-05
32.76,8.10810971372e-05
32.77,9.53747601313e-05
32.78,0.00011006648464
32.79,0.00012410764436
32.8,0.000138403526962
32.81,0.000138403526962
32.82,0.00019111974183
32.83,-0.00650836450696
32.84,-0.0140925411462
32.85,-0.0610931561582
32.86,-0.12546633763
32.87,-0.184305203188
32.88,-0.236377184454
32.89,-0.274272896052
32.9,-0.293976134687
32.91,-0.297749081054
32.92,-0.299666641124
32.93,-0.301541380597
32.94,-0.303302183619
32.95,-0.304840883305
32.96,-0.306093073503
32.97,-0.307033808961
32.98,-0.3076678005
32.99,-0.308020591515
33.0,-0.308130440767
33.01,-0.308042589874
33.02,-0.30780461943
33.03,-0.307463257714
33.04,-0.307062478403
33.05,-0.306641601582
33.06,-0.306234687254
33.07,-0.305869301545
33.08,-0.305566387512
33.09,-0.305339713185
33.1,-0.305196010442
33.11,-0.305135491596
33.12,-0.305152231595
33.13,-0.305235712688
33.14,-0.305371664834
33.15,-0.306392101875
33.16,-0.30753380673
33.17,-0.308675393628
33.18,-0.309681405842
33.19,-0.310365217128
33.2,-0.310860241517
33.21,-0.311222749765
33.22,-0.311480309876
33.23,-0.31165313448
33.24,-0.311759512602
33.25,-0.311816564283
33.26,-0.31185060145
33.27,-0.311854025421
33.28,-0.311847209819
33.29,-0.311840056336
33.3,-0.311838570524
33.31,-0.311845671658
33.32,-0.311863101851
33.33,-0.311889727165
33.34,-0.311923604581
33.35,-0.31196190659
33.36,-0.312001818285
33.37,-0.312040505866
33.38,-0.312080778717
33.39,-0.312111382545
33.4,-0.312134405813
33.41,-0.312150629337
33.42,-0.312160420641
33.43,-0.312164549627
33.44,-0.312164357069
33.45,-0.312160727093
33.46,-0.312154171949
33.47,-0.312146217863
33.48,-0.312137858704
33.49,-0.312130024934
33.5,-0.312123287954
33.51,-0.312117824906
33.52,-0.312113891566
33.53,-0.312111356958
33.54,-0.312109649001
33.55,-0.312109457586
33.56,-0.312110185191
33.57,-0.312111562878
33.58,-0.312113241311
33.59,-0.312115065448
33.6,-0.312116878776
33.61,-0.31214366283
33.62,-0.312173773465
33.63,-0.312204072539
33.64,-0.291816714757
33.65,-0.242628418573
33.66,-0.176816556941
33.67,-0.108952289988
33.68,-0.045034874854
33.69,-0.00302528476215
33.7,0.0187784202714
33.71,0.0385487660491
33.72,0.043901813396
33.73,0.0462723104144
33.74,0.0483488992371
33.75,0.0502043784899
33.76,0.0517548946444
33.77,0.0529558606599
33.78,0.0538004495952
33.79,0.0543094150791
33.8,0.0545216168639
33.81,0.0544867452245
33.82,0.0542590312371
33.83,0.0538934716682
33.84,0.0534424046084
33.85,0.0529537680666
33.86,0.052469362596
33.87,0.052023805597
33.88,0.0516440100327
33.89,0.0513484590816
33.9,0.0511474769894
33.91,0.0510432768755
33.92,0.051031099394
33.93,0.0511000463814
33.94,0.05123473144
33.95,0.0449298902977
33.96,0.0377861603644
33.97,0.0314026486789
33.98,0.0250820882842
33.99,0.0199517524592
34.0,0.0162367534454
34.01,0.013202251161
34.02,0.0106559751628
34.03,0.00850411716793
34.04,0.00669189439383
34.05,0.00517994562436
34.06,0.00393627375913
34.07,0.00274008885772
34.08,0.00192287566488
34.09,0.00118770175296
34.1,0.000727485318877
34.11,0.000459194424594
34.12,0.00030428632913
34.13,0.000195261611211
34.14,0.000163914156856
34.15,0.000187569981433
34.16,0.000235760942531
34.17,0.000292298646953
34.18,0.00034617537062
34.19,0.000391277267605
34.2,0.000419850163908
34.21,0.000432237789934
34.22,0.000426246418395
34.23,0.00040626052351
34.24,0.000372548031604
34.25,0.000329919828528
34.26,0.00027837714989
34.27,0.00023001288306
34.28,0.000178961132968
34.29,0.000139351491421
34.3,0.000108723939626
34.31,8.66964906776e-05
34.32,7.22730824596e-05
34.33,6.65465927301e-05
34.34,6.60120175149e-05
34.35,7.25181672245e-05
34.36,8.3311725152e-05
34.37,9.64062815103e-05
34.38,0.000110253750966
34.39,0.000125209824522
34.4,0.000137126754678
34.41,0.000159217716498
34.42,0.000185270891504
34.43,-0.00651457480413
34.44,-0.0317050405793
34.45,-0.081018217144
34.46,-0.148573610488
34.47,-0.214999024678
34.48,-0.281380453588
34.49,-0.327793918556
34.5,-0.371997162512
34.51,-0.397579749848
34.52,-0.402407816817
34.53,-0.404865810173
34.54,-0.407199429868
34.55,-0.40932569166
34.56,-0.411132166816
34.57,-0.412557847477
34.58,-0.413586804455
34.59,-0.41423631624
34.6,-0.414546409364
34.61,-0.414570499093
34.62,-0.41436872766
34.63,-0.414002619839
34.64,-0.413531356599
34.65,-0.41300946035
34.66,-0.412484607637
34.67,-0.411996833777
34.68,-0.411577243584
34.69,-0.411247948381
34.7,-0.411021723814
34.71,-0.410902471928
34.72,-0.410886168173
34.73,-0.410961732317
34.74,-0.411113087965
34.75,-0.398746767369
34.76,-0.384744767156
34.77,-0.370666599007
34.78,-0.359863511734
34.79,-0.349388345433
34.8,-0.341959427879
34.81,-0.336149549006
34.82,-0.330422047707
34.83,-0.325567444078
34.84,-0.322255805993
34.85,-0.31912505392
34.86,-0.31705088143
34.87,-0.315546926366
34.88,-0.314418449414
34.89,-0.313585598537
34.9,-0.312854282178
34.91,-0.312343348743
34.92,-0.312121898285
34.93,-0.312055942427
34.94,-0.312052737185
34.95,-0.312127659865
34.96,-0.312236134096
34.97,-0.312358697242
34.98,-0.312462839291
34.99,-0.312543713928
35.0,-0.31260868382
35.01,-0.312630676959
35.02,-0.31262243223
35.03,-0.312583124326
35.04,-0.312521952448
35.05,-0.312441116785
35.06,-0.312349445611
35.07,-0.312262737557
35.08,-0.312185638548
35.09,-0.312119037264
35.1,-0.31205565373
35.11,-0.312015534492
35.12,-0.31198485129
35.13,-0.311975783495
35.14,-0.311977053487
35.15,-0.311990520861
35.16,-0.312012744248
35.17,-0.312039181869
35.18,-0.312066465325
35.19,-0.312092278887
35.2,-0.312118424225
35.21,-0.312159438988
35.22,-0.312200865928
35.23,-0.31224001657
35.24,-0.305550544203
35.25,-0.280366246632
35.26,-0.21527762534
35.27,-0.14787901264
35.28,-0.0804394715991
35.29,-0.0365051225409
35.3,-0.0141401448688
35.31,-0.00891588674932
35.32,-0.00680967382762
35.33,-0.00484670610064
35.34,-0.0029631770537
35.35,-0.0012826623504
35.36,0.000113668168351
35.37,0.00118873443462
35.38,0.00193941999932
35.39,0.00238689237124
35.4,0.00256788621567
35.41,0.00252771080414
35.42,0.00231551157031
35.43,0.00198020925113
35.44,0.00156852097779
35.45,0.00112283163731
35.46,0.000680378892472
35.47,0.000272128689094
35.48,-7.78451518437e-05
35.49,-0.000352531445917
35.5,-0.00054242547483
35.51,-0.000644956109987
35.52,-0.000664187061597
35.53,-0.000609475738701
35.54,-0.000494513697581
35.55,-0.000258281627238
35.56,4.4385891762e-07
35.57,0.000236180577327
35.58,0.0004298886801
35.59,0.00057083841369
35.6,0.00068005800215
35.61,0.000731054465213
35.62,0.000711494005792
35.63,0.000646831714542
35.64,0.000553056675163
35.65,0.000443122495798
35.66,0.000328393480954
35.67,0.000218946719875
35.68,0.000122672309667
35.69,3.42473111132e-05
35.7,-2.12195912717e-05
35.71,-5.24701533449e-05
35.72,-6.20069717385e-05
35.73,-5.30992756729e-05
35.74,-2.98277923778e-05
35.75,3.58398318179e-06
35.76,4.52995061861e-05
35.77,8.56779980207e-05
35.78,0.000122926107687
35.79,0.000156164118989
35.8,0.000186114922988
35.81,0.000208397726468
35.82,0.000218038442731
35.83,0.000221049329854
35.84,0.000217594293746
35.85,0.000208499951864
35.86,0.000195841251181
35.87,0.000181446853832
35.88,0.000167838765195
35.89,0.000155286249122
35.9,0.000144520157548
35.91,0.000134327131621
35.92,0.000126555524444
35.93,0.000122274632397
35.94,0.000120911134099
35.95,0.000121420448855
35.96,0.00012302817347
35.97,0.00012568247373
35.98,0.000128768662238
35.99,0.000131993528924
36.0,0.000135085526944
36.01,0.000154620975839
36.02,0.0001762841465
36.03,-0.00652718816847
36.04,-0.0317203274864
36.05,-0.0810355574052
36.06,-0.148840910161
36.07,-0.217535368652
36.08,-0.272005606932
36.09,-0.309876005859
36.1,-0.32878103798
36.11,-0.331845149348
36.12,-0.333871170783
36.13,-0.335933182923
36.14,-0.337847728497
36.15,-0.339500267489
36.16,-0.340827789931
36.17,-0.341809220193
36.18,-0.342454490258
36.19,-0.34279495109
36.2,-0.342874805731
36.21,-0.342745030731
36.22,-0.342458337249
36.23,-0.342066236433
36.24,-0.341616613179
36.25,-0.341152103983
36.26,-0.34070923001
36.27,-0.340317195376
36.28,-0.339997807491
36.29,-0.339764796274
36.3,-0.339624319844
36.31,-0.339575187979
36.32,-0.33960985249
36.33,-0.339715791143
36.34,-0.339876641209
36.35,-0.33951797308
36.36,-0.335967903618
36.37,-0.332162777082
36.38,-0.328818416903
36.39,-0.325917783705
36.4,-0.323510665252
36.41,-0.321464013557
36.42,-0.319714024335
36.43,-0.318215888405
36.44,-0.316938404984
36.45,-0.315858463154
36.46,-0.314852293401
36.47,-0.314109649833
36.48,-0.313532280842
36.49,-0.313088941346
36.5,-0.312759303124
36.51,-0.312478825109
36.52,-0.312280168357
36.53,-0.312162767452
36.54,-0.31213351881
36.55,-0.312142772424
36.56,-0.312172363051
36.57,-0.312210450475
36.58,-0.312252581681
36.59,-0.312290543098
36.6,-0.312319221396
36.61,-0.312331459722
36.62,-0.312329303768
36.63,-0.312316055659
36.64,-0.312293820744
36.65,-0.312265359888
36.66,-0.312233188847
36.67,-0.312200009716
36.68,-0.312168092655
36.69,-0.31213942053
36.7,-0.3121113623
36.71,-0.312092251486
36.72,-0.312076404831
36.73,-0.312069281952
36.74,-0.312065994045
36.75,-0.312068537096
36.76,-0.312074145622
36.77,-0.312082179387
36.78,-0.31209173957
36.79,-0.312101770737
36.8,-0.31210999747
36.81,-0.312140307512
36.82,-0.312173163872
36.83,-0.312205629835
36.84,-0.287901865488
36.85,-0.238634817786
36.86,-0.171109941905
36.87,-0.101316393487
36.88,-0.0378020401082
36.89,0.00993224832036
36.9,0.0560944763703
36.91,0.0670623595821
36.92,0.0736823854517
36.93,0.0765185404743
36.94,0.078798960594
36.95,0.0808462600305
36.96,0.0825714255704
36.97,0.0839208169707
36.98,0.084882944044
36.99,0.0854774020752
37.0,0.0857447930783
37.01,0.0857380769216
37.02,0.0855158620323
37.03,0.0851379516435
37.04,0.0846614837038
37.05,0.084139035945
37.06,0.0836165073884
37.07,0.0831323201976
37.08,0.0827163747455
37.09,0.0823896128659
37.1,0.0821641556943
37.11,0.0820433385603
37.12,0.0820228107948
37.13,0.0820914313761
37.14,0.0822331813221
37.15,0.0824286299795
37.16,0.0722355105729
37.17,0.0606433631054
37.18,0.0502609078063
37.19,0.0414427728135
37.2,0.0340368091181
37.21,0.0266960574361
37.22,0.0213131803602
37.23,0.0161089588184
37.24,0.0124622544363
37.25,0.0096481776774
37.26,0.00737914991705
37.27,0.00538822419813
37.28,0.00392332199864
37.29,0.00280701758429
37.3,0.00197329668979
37.31,0.00137337335133
37.32,0.000964849821243
37.33,0.000665126109582
37.34,0.00047391990518
37.35,0.000417066686033
37.36,0.000429338883448
37.37,0.00047436353029
37.38,0.000531632008027
37.39,0.000588909811112
37.4,0.000626519080637
37.41,0.000642355468278
37.42,0.000636103346287
37.43,0.000607362345263
37.44,0.000559710222536
37.45,0.000497528803098
37.46,0.000426138955381
37.47,0.000351109666393
37.48,0.000277570616624
37.49,0.000200659528347
37.5,0.000141561218967
37.51,9.68226172473e-05
37.52,6.54011490777e-05
37.53,4.68623116445e-05
37.54,4.01308393387e-05
37.55,4.31413363713e-05
37.56,5.43798179309e-05
37.57,7.14615835165e-05
37.58,9.2716824394e-05
37.59,0.000115569922922
37.6,0.000135143950519
37.61,0.000154500764112
37.62,0.000186192551943
37.63,-0.00650784617649
37.64,-0.0316925915436
37.65,-0.0810001533019
37.66,-0.150932234841
37.67,-0.223473133981
37.68,-0.281342109365
37.69,-0.323084918457
37.7,-0.345224578151
37.71,-0.350615633938
37.72,-0.352997127986
37.73,-0.355183809533
37.74,-0.357223415114
37.75,-0.358998415867
37.76,-0.360436933403
37.77,-0.36151202458
37.78,-0.362230891797
37.79,-0.362624152247
37.8,-0.362737260352
37.81,-0.362623223975
37.82,-0.362337788333
37.83,-0.361935448541
37.84,-0.361467276153
37.85,-0.360979003109
37.86,-0.360979003109
37.87,-0.360091297134
37.88,-0.35974729021
37.89,-0.359493238677
37.9,-0.359336248226
37.91,-0.359275896541
37.92,-0.359304858308
37.93,-0.35941028439
37.94,-0.359575513687
37.95,-0.353752101812
37.96,-0.347137103186
37.97,-0.341219349625
37.98,-0.336192943951
37.99,-0.331212541771
38.0,-0.326909358113
38.01,-0.323485522009
38.02,-0.320552461318
38.03,-0.318567882669
38.04,-0.316674053851
38.05,-0.315138412804
38.06,-0.314143983683
38.07,-0.31342663094
38.08,-0.312892323919
38.09,-0.312413869408
38.1,-0.312138783615
38.11,-0.311990433025
38.12,-0.311894198044
38.13,-0.311890973147
38.14,-0.311939736033
38.15,-0.312015967766
38.16,-0.312109572017
38.17,-0.312202405104
38.18,-0.312289836288
38.19,-0.312361617929
38.2,-0.31240756419
38.21,-0.312423733313
38.22,-0.312418232882
38.23,-0.312394934188
38.24,-0.312358609461
38.25,-0.312313432499
38.26,-0.312263775269
38.27,-0.312213616012
38.28,-0.312166594994
38.29,-0.312125426075
38.3,-0.312092078571
38.31,-0.312067602219
38.32,-0.312052113517
38.33,-0.312042063371
38.34,-0.312042029343
38.35,-0.312048713509
38.36,-0.3120596519
38.37,-0.312073060308
38.38,-0.31208729685
38.39,-0.312101015323
38.4,-0.312115045266
38.41,-0.312148589239
38.42,-0.312183922681
38.43,-0.306306873605
38.44,-0.28107491667
38.45,-0.23439703377
38.46,-0.168391854958
38.47,-0.105937049315
38.48,-0.0528798083721
38.49,-0.000623821486979
38.5,0.0378665749685
38.51,0.0436982909628
38.52,0.045886992356
38.53,0.0480609944118
38.54,0.0501434073018
38.55,0.0519950090261
38.56,0.0535275378319
38.57,0.0547012521975
38.58,0.0555137737916
38.59,0.0559897244418
38.6,0.0561708776963
38.61,0.0561088314821
38.62,0.0558591852692
38.63,0.055477294905
38.64,0.0550157732816
38.65,0.054522037113
38.66,0.0540373997213
38.67,0.0535956521436
38.68,0.0532227871761
38.69,0.0529364150676
38.7,0.0527458083798
38.71,0.0526525188107
38.72,0.0526508785739
38.73,0.0527294971823
38.74,0.0528724491497
38.75,0.0463673420239
38.76,0.0389913053128
38.77,0.0322995945358
38.78,0.0267134984419
38.79,0.0219262096095
38.8,0.0172823860319
38.81,0.013873582727
38.82,0.0111544123622
38.83,0.00870329909713
38.84,0.00645855356536
38.85,0.00454786622418
38.86,0.00299296299678
38.87,0.00177993241006
38.88,0.00107245805859
38.89,0.000484368826508
38.9,0.00017036667559
38.91,-7.6675155479e-05
38.92,-0.000203873674439
38.93,-0.000209138103918
38.94,-0.000153285424125
38.95,-6.68758897833e-05
38.96,4.06160133566e-05
38.97,0.000142351722906
38.98,0.000232854288252
38.99,0.000306673830946
39.0,0.000359974471814
39.01,0.000391247773824
39.02,0.000400937947669
39.03,0.000400937947669
39.04,0.000367417830519
39.05,0.000329749994127
39.06,0.000281680230666
39.07,0.00023509320675
39.08,0.000191093489018
39.09,0.000145853199296
39.1,0.000107014945067
39.11,8.25600677561e-05
39.12,6.83366523098e-05
39.13,5.93516153624e-05
39.14,6.02303917794e-05
39.15,6.76700121871e-05
39.16,7.93706647522e-05
39.17,9.36429109415e-05
39.18,0.000108819644245
39.19,0.000124524506338
39.2,0.000137934231532
39.21,0.000151022745498
39.22,0.000177203905254
39.23,-0.00652085367564
39.24,-0.0141034198481
39.25,-0.0611024169732
39.26,-0.113309284221
39.27,-0.175414945919
39.28,-0.231479427526
39.29,-0.273043821426
39.3,-0.313153723064
39.31,-0.320845227878
39.32,-0.324219869696
39.33,-0.326214817274
39.34,-0.328139361247
39.35,-0.329877031503
39.36,-0.33133720182
39.37,-0.332475489803
39.38,-0.333283855847
39.39,-0.333780502764
39.4,-0.33400077682
39.41,-0.333990245271
39.42,-0.333798868985
39.43,-0.333477338208
39.44,-0.333073922729
39.45,-0.3326328723
39.46,-0.332192894504
39.47,-0.331786144125
39.48,-0.331437816158
39.49,-0.331165383382
39.5,-0.330978989411
39.51,-0.330881290366
39.52,-0.330868515859
39.53,-0.330931205716
39.54,-0.331055623412
39.55,-0.328811496721
39.56,-0.326277899968
39.57,-0.323722054635
39.58,-0.321752365086
39.59,-0.320151019762
39.6,-0.318548858969
39.61,-0.31735198767
39.62,-0.316370107262
39.63,-0.315527023229
39.64,-0.314796875982
39.65,-0.314099241489
39.66,-0.313564293964
39.67,-0.31313275837
39.68,-0.312789280921
39.69,-0.312525015049
39.7,-0.312331909181
39.71,-0.312201311824
39.72,-0.312123440225
39.73,-0.312086141054
39.74,-0.31207320254
39.75,-0.31209123075
39.76,-0.312123240168
39.77,-0.312162229161
39.78,-0.31220044291
39.79,-0.31223756368
39.8,-0.312261336507
39.81,-0.312273223163
39.82,-0.312274261096
39.83,-0.312267098544
39.84,-0.312250835368
39.85,-0.312227709408
39.86,-0.31220186654
39.87,-0.312175175675
39.88,-0.31214952726
39.89,-0.312126690537
39.9,-0.312107742533
39.91,-0.312093390204
39.92,-0.312083840906
39.93,-0.312083024332
39.94,-0.312077821457
39.95,-0.312079382215
39.96,-0.312083541559
39.97,-0.312089649224
39.98,-0.312096459293
39.99,-0.312103252418
40.0,-0.312109994083
40.01,-0.312138819463
40.02,-0.312170208752
40.03,-0.305475033789
40.04,-0.280286384476
40.05,-0.230971066843
40.06,-0.178637670774
40.07,-0.114167603032
40.08,-0.0535771649644
40.09,0.00670030532935
40.1,0.0528489456133
40.11,0.0629313948214
40.12,0.0656326950981
40.13,0.0679184081235
40.14,0.0701354791816
40.15,0.0721403087257
40.16,0.0738279823737
40.17,0.0751456822309
40.18,0.0760829642807
40.19,0.0766598337864
40.2,0.0769168703302
40.21,0.0769063792874
40.22,0.0766861901966
40.23,0.0763148587836
40.24,0.0758482471848
40.25,0.0753376179082
40.26,0.0748275709252
40.27,0.0743554371389
40.28,0.0739500884746
40.29,0.0736319015841
40.3,0.0734124653531
40.31,0.0732949558781
40.32,0.0732751149155
40.33,0.0733421047525
40.34,0.0734803158769
40.35,0.0736707879863
40.36,0.0645826365139
40.37,0.0542420664931
40.38,0.0447222735839
40.39,0.03684739216
40.4,0.0302665188679
40.41,0.0247440294108
40.42,0.0192582680294
40.43,0.0152306254033
40.44,0.0120393444043
40.45,0.00890977894178
40.46,0.00668910996793
40.47,0.00460005874854
40.48,0.00322469308132
40.49,0.00224782911555
40.5,0.00153718080233
40.51,0.00103353447279
40.52,0.000696786608834
40.53,0.000492769227347
40.54,0.000390274226044
40.55,0.000361057349935
40.56,0.000379962862865
40.57,0.000425672208089
40.58,0.000480975444677
40.59,0.000537871115051
40.6,0.000576470953344
40.61,0.00059480160209
40.62,0.000592523776634
40.63,0.000571405407896
40.64,0.000530157178007
40.65,0.000474409090344
40.66,0.000404891551113
40.67,0.00033614814922
40.68,0.000269771980352
40.69,0.000200115805905
40.7,0.00014449838425
40.71,0.000103504959847
40.72,7.46538654286e-05
40.73,5.22470855775e-05
40.74,4.1299916814e-05
40.75,4.40064562808e-05
40.76,5.47378657361e-05
40.77,7.08426048721e-05
40.78,8.97566571774e-05
40.79,0.000109381750467
40.8,0.000129118666608
40.81,0.000159386257273
40.82,0.000190706032305
40.83,0.000220900373214
40.84,-0.0240802140461
40.85,-0.0733396893123
40.86,-0.143233909535
40.87,-0.215724002542
40.88,-0.278438045657
40.89,-0.324966164258
40.9,-0.350636319632
40.91,-0.358415329341
40.92,-0.361099947811
40.93,-0.363360039453
40.94,-0.365488636595
40.95,-0.36736437798
40.96,-0.368904607019
40.97,-0.370074350145
40.98,-0.37087541429
40.99,-0.371335655123
41.0,-0.371499507263
41.01,-0.371420283601
41.02,-0.371154924085
41.03,-0.370759727036
41.04,-0.37028792054
41.05,-0.369787400086
41.06,-0.369299697938
41.07,-0.368858836544
41.08,-0.368490611029
41.09,-0.368212494145
41.1,-0.368033267358
41.11,-0.367953905503
41.12,-0.367967984603
41.13,-0.368063331259
41.14,-0.368223300703
41.15,-0.368428625274
41.16,-0.361528344656
41.17,-0.353653415517
41.18,-0.346394311634
41.19,-0.339378281426
41.2,-0.334207210697
41.21,-0.329693046428
41.22,-0.326252831166
41.23,-0.323285805638
41.24,-0.320905939639
41.25,-0.318889412147
41.26,-0.316964839282
41.27,-0.315609694738
41.28,-0.314459000152
41.29,-0.313694527532
41.3,-0.313145079786
41.31,-0.312761700539
41.32,-0.312510767903
41.33,-0.312364063516
41.34,-0.312296282528
41.35,-0.312282090872
41.36,-0.312305978916
41.37,-0.312348609494
41.38,-0.312396026723
41.39,-0.31244032719
41.4,-0.312469657008
41.41,-0.312482106946
41.42,-0.31247659543
41.43,-0.312454186364
41.44,-0.312429563044
41.45,-0.312369410459
41.46,-0.312313792828
41.47,-0.312257266014
41.48,-0.31219574988
41.49,-0.312138225429
41.5,-0.312088448892
41.51,-0.312088448892
41.52,-0.312030235536
41.53,-0.312015014202
41.54,-0.312013212809
41.55,-0.312017740407
41.56,-0.312029273045
41.57,-0.312045288804
41.58,-0.312063897508
41.59,-0.312082477605
41.6,-0.312098705825
41.61,-0.312128805506
41.62,-0.312164978212
41.63,-0.312200206613
41.64,-0.305508369669
41.65,-0.258558331681
41.66,-0.191528834002
41.67,-0.129262687781
41.68,-0.0758327005873
41.69,-0.0378168211346
41.7,-0.0187370877336
41.71,-0.0155955228945
41.72,-0.0141376232029
41.73,-0.0123017893426
41.74,-0.0105268689683
41.75,-0.00897454356947
41.76,-0.00771204462704
41.77,-0.00676469343088
41.78,-0.00612773664098
41.79,-0.00577535729746
41.8,-0.00566899537701
41.81,-0.00576302498546
41.82,-0.00600962656308
41.83,-0.00636164227075
41.84,-0.00677481940001
41.85,-0.00720942987539
41.86,-0.0076309741443
41.87,-0.008011456062
41.88,-0.00832944533634
41.89,-0.00857082540068
41.9,-0.00872840656736
41.91,-0.00880181181343
41.92,-0.00879673000617
41.93,-0.00872365477382
41.94,-0.00859686256959
41.95,-0.00781319861718
41.96,-0.00640665722526
41.97,-0.00507688593237
41.98,-0.0039436143167
41.99,-0.00301745592328
42.0,-0.00227957175935
42.01,-0.00170539679988
42.02,-0.00126982714325
42.03,-0.000948901661264
42.04,-0.000719755429345
42.05,-0.000561357900754
42.06,-0.000454710426305
42.07,-0.000363155349542
42.08,-0.000310819981917
42.09,-0.000262992139731
42.1,-0.000229618287889
42.11,-0.000191609354252
42.12,-0.000155386175095
42.13,-0.000116191533917
42.14,-7.36579643803e-05
42.15,-2.9447902322e-05
42.16,1.97404836459e-05
42.17,6.71344403016e-05
42.18,0.000103753206317
42.19,0.000138807203747
42.2,0.000161873842433
42.21,0.000180326597242
42.22,0.000191746492943
42.23,0.000194823962586
42.24,0.000192746562177
42.25,0.000187508309428
42.26,0.000180287875606
42.27,0.000172254703453
42.28,0.00016418099494
42.29,0.000156763516143
42.3,0.000150507187287
42.31,0.000145515398788
42.32,0.000141218166512
42.33,0.000138904613021
42.34,0.000137902604924
42.35,0.000137956651564
42.36,0.000138731200286
42.37,0.000139963935314
42.38,0.000141361669491
42.39,0.000142845845641
42.4,0.000144230824484
42.41,0.000157389304733
42.42,0.000179277162991
42.43,0.000201235234345
42.44,-0.0241089387032
42.45,-0.0733782583
42.46,-0.138181227466
42.47,-0.201214112035
42.48,-0.255831710444
42.49,-0.296264849041
42.5,-0.317673946568
42.51,-0.322588807307
42.52,-0.324761640248
42.53,-0.326779306029
42.54,-0.32866878757
42.55,-0.330318355955
42.56,-0.331659674016
42.57,-0.33266604053
42.58,-0.333342873441
42.59,-0.333717565879
42.6,-0.333831451285
42.61,-0.333733273895
42.62,-0.333474182615
42.63,-0.333104668565
42.64,-0.332671910451
42.65,-0.332218463342
42.66,-0.331780735946
42.67,-0.331388469958
42.68,-0.331064005618
42.69,-0.330821951382
42.7,-0.330669492313
42.71,-0.330606431553
42.72,-0.330626463085
42.73,-0.330717882933
42.74,-0.330865423065
42.75,-0.328664736444
42.76,-0.326152341742
42.77,-0.323903719972
42.78,-0.321986297274
42.79,-0.320357603259
42.8,-0.318962411511
42.81,-0.31775625975
42.82,-0.316707633383
42.83,-0.315795674655
42.84,-0.315006899249
42.85,-0.314306333174
42.86,-0.313738077187
42.87,-0.313274149889
42.88,-0.312904523722
42.89,-0.312620340136
42.9,-0.312412419145
42.91,-0.312270633304
42.92,-0.312184020591
42.93,-0.31214145233
42.94,-0.312125443289
42.95,-0.31213833622
42.96,-0.312165125679
42.97,-0.312197282688
42.98,-0.312231724121
42.99,-0.312257484826
43.0,-0.312273903973
43.01,-0.312280278343
43.02,-0.312276887242
43.03,-0.312264685373
43.04,-0.312245517112
43.05,-0.312221489171
43.06,-0.312194914241
43.07,-0.312168059596
43.08,-0.312142721928
43.09,-0.31212049501
43.1,-0.312099112226
43.11,-0.312084581122
43.12,-0.312076154654
43.13,-0.312072353421
43.14,-0.312072367718
43.15,-0.312075305064
43.16,-0.312080400198
43.17,-0.312086675818
43.18,-0.312093432955
43.19,-0.312100494476
43.2,-0.312107212085
43.21,-0.312112121067
43.22,-0.312139747464
43.23,-0.312169960364
43.24,-0.312199639109
43.25,-0.305502525655
43.26,-0.258545052868
43.27,-0.19507693601
43.28,-0.128737269724
43.29,-0.0691016951601
43.3,-0.0240824435494
43.31,0.00723423577695
43.32,0.01428781453
43.33,0.0196185218481
43.34,0.0220727485356
43.35,0.0240751823853
43.36,0.0258608372087
43.37,0.0273543066102
43.38,0.0285130984473
43.39,0.0293305364252
43.4,0.0298265601116
43.41,0.0300382353939
43.42,0.0300128621228
43.43,0.0298020345046
43.44,0.0294579211099
43.45,0.0290303634923
43.46,0.0285648203872
43.47,0.0281013324855
43.48,0.0276730418375
43.49,0.0273059782125
43.5,0.0270181886067
43.51,0.0268200374353
43.52,0.0267142503514
43.53,0.026696628552
43.54,0.0267573157478
43.55,0.0268818594517
43.56,0.0236562744309
43.57,0.0199969069479
43.58,0.0167314784702
43.59,0.0139600062357
43.6,0.0116227942441
43.61,0.00964010177438
43.62,0.00764860658916
43.63,0.00615379134935
43.64,0.00493771109802
43.65,0.00391189356617
43.66,0.00304399076031
43.67,0.00231777835912
43.68,0.00161159256318
43.69,0.0010283644785
43.7,0.000571621340427
43.71,0.000315851467685
43.72,0.000167374092455
43.73,8.76113563248e-05
43.74,5.78737165822e-05
43.75,6.22831263208e-05
43.76,9.34541565569e-05
43.77,0.00013912311173
43.78,0.000190404087131
43.79,0.000239023207068
43.8,0.000286452258202
43.81,0.000317145416093
43.82,0.000333378656607
43.83,0.000336404346073
43.84,0.000327738011053
43.85,0.000309389077635
43.86,0.000284084070031
43.87,0.000252214675812
43.88,0.000217790154222
43.89,0.000187744345652
43.9,0.000161625011584
43.91,0.000136283050733
43.92,0.00011941057021
43.93,0.000109033742444
43.94,0.000104008975245
43.95,0.000102351367818
43.96,0.000104902793078
43.97,0.000111099361348
43.98,0.000119223625723
43.99,0.000128199483993
44.0,0.000136932521544
44.01,0.000144801840928
44.02,0.00016316617381
44.03,0.000188988120708
44.04,0.000214215738084
44.05,-0.0240930903492
44.06,-0.0707229782471
44.07,-0.139307568257
44.08,-0.210290634344
44.09,-0.268511118105
44.1,-0.323332089364
44.11,-0.350439006796
44.12,-0.359175958149
44.13,-0.361959006001
44.14,-0.364222853549
44.15,-0.366363592207
44.16,-0.368259398904
44.17,-0.36982415577
44.18,-0.371019568333
44.19,-0.37184532242
44.2,-0.372327658057
44.21,-0.37251004696
44.22,-0.372445529131
44.23,-0.37219079352
