time,state,Simulation_reset
0.01,0
0.02,0
0.03,0
0.04,0
0.05,0
0.06,0
0.07,0
0.08,0
0.09,0
0.1,0
0.11,0
0.12,0
0.13,0
0.14,0
0.15,0
0.16,0
0.17,0
0.18,0
0.19,0
0.2,0
0.21,0
0.22,0
0.23,0
0.24,0
0.25,0
0.26,0
0.27,0
0.28,0
0.29,0
0.3,0
0.31,0
0.32,0
0.33,0
0.34,0
0.35,0
0.36,0
0.37,0
0.38,0
0.39,0
0.4,0
0.41,0
0.42,0
0.43,0
0.44,0
0.45,0
0.46,0
0.47,0
0.48,0
0.49,0
0.5,0
0.51,0
0.52,0
0.53,0
0.54,0
0.55,0
0.56,0
0.57,0
0.58,0
0.59,0
0.6,0
0.61,0
0.62,0
0.63,0
0.64,0
0.65,0
0.66,0
0.67,0
0.68,0
0.69,0
0.7,0
0.71,0
0.72,0
0.73,0
0.74,0
0.75,0
0.76,0
0.77,0
0.78,0
0.79,0
0.8,1
0.81,1
0.82,1
0.83,1
0.84,1
0.85,1
0.86,1
0.87,1
0.88,1
0.89,1
0.9,2
0.91,2
0.92,2
0.93,2
0.94,2
0.95,2
0.96,2
0.97,2
0.98,2
0.99,2
1.0,2
1.01,2
1.02,2
1.03,2
1.04,2
1.05,2
1.06,2
1.07,2
1.08,2
1.09,2
1.1,2
1.11,2
1.12,2
1.13,2
1.14,0
1.15,0
1.16,0
1.17,0
1.18,0
1.19,0
1.2,0
1.21,0
1.22,0
1.23,0
1.24,0
1.25,0
1.26,0
1.27,0
1.28,0
1.29,0
1.3,0
1.31,0
1.32,0
1.33,0
1.34,0
1.35,0
1.36,0
1.37,0
1.38,0
1.39,0
1.4,0
1.41,0
1.42,0
1.43,0
1.44,0
1.45,0
1.46,0
1.47,0
1.48,0
1.49,0
1.5,0
1.51,0
1.52,0
1.53,0
1.54,0
1.55,0
1.56,0
1.57,0
1.58,0
1.59,0
1.6,1
1.61,1
1.62,1
1.63,1
1.64,1
1.65,1
1.66,1
1.67,1
1.68,1
1.69,1
1.7,2
1.71,2
1.72,2
1.73,2
1.74,2
1.75,2
1.76,2
1.77,2
1.78,2
1.79,2
1.8,2
1.81,2
1.82,2
1.83,2
1.84,2
1.85,2
1.86,2
1.87,2
1.88,2
1.89,2
1.9,2
1.91,2
1.92,2
1.93,2
1.94,0
1.95,0
1.96,0
1.97,0
1.98,0
1.99,0
2.0,0
2.01,0
2.02,0
2.03,0
2.04,0
2.05,0
2.06,0
2.07,0
2.08,0
2.09,0
2.1,0
2.11,0
2.12,0
2.13,0
2.14,0
2.15,0
2.16,0
2.17,0
2.18,0
2.19,0
2.2,0
2.21,0
2.22,0
2.23,0
2.24,0
2.25,0
2.26,0
2.27,0
2.28,0
2.29,0
2.3,0
2.31,0
2.32,0
2.33,0
2.34,0
2.35,0
2.36,0
2.37,0
2.38,0
2.39,0
2.4,0
2.41,1
2.42,1
2.43,1
2.44,1
2.45,1
2.46,1
2.47,1
2.48,1
2.49,1
2.5,1
2.51,2
2.52,2
2.53,2
2.54,2
2.55,2
2.56,2
2.57,2
2.58,2
2.59,2
2.6,2
2.61,2
2.62,2
2.63,2
2.64,2
2.65,2
2.66,2
2.67,2
2.68,2
2.69,2
2.7,2
2.71,2
2.72,2
2.73,2
2.74,2
2.75,0
2.76,0
2.77,0
2.78,0
2.79,0
2.8,0
2.81,0
2.82,0
2.83,0
2.84,0
2.85,0
2.86,0
2.87,0
2.88,0
2.89,0
2.9,0
2.91,0
2.92,0
2.93,0
2.94,0
2.95,0
2.96,0
2.97,0
2.98,0
2.99,0
3.0,0
3.01,0
3.02,0
3.03,0
3.04,0
3.05,0
3.06,0
3.07,0
3.08,0
3.09,0
3.1,0
3.11,0
3.12,0
3.13,0
3.14,0
3.15,0
3.16,0
3.17,0
3.18,0
3.19,0
3.2,0
3.21,1
3.22,1
3.23,1
3.24,1
3.25,1
3.26,1
3.27,1
3.28,1
3.29,1
3.3,1
3.31,2
3.32,2
3.33,2
3.34,2
3.35,2
3.36,2
3.37,2
3.38,2
3.39,2
3.4,2
3.41,2
3.42,2
3.43,2
3.44,2
3.45,2
3.46,2
3.47,2
3.48,2
3.49,2
3.5,2
3.51,2
3.52,2
3.53,2
3.54,2
3.55,0
3.56,0
3.57,0
3.58,0
3.59,0
3.6,0
3.61,0
3.62,0
3.63,0
3.64,0
3.65,0
3.66,0
3.67,0
3.68,0
3.69,0
3.7,0
3.71,0
3.72,0
3.73,0
3.74,0
3.75,0
3.76,0
3.77,0
3.78,0
3.79,0
3.8,0
3.81,0
3.82,0
3.83,0
3.84,0
3.85,0
3.86,0
3.87,0
3.88,0
3.89,0
3.9,0
3.91,0
3.92,0
3.93,0
3.94,0
3.95,0
3.96,0
3.97,0
3.98,0
3.99,0
4.0,0
4.01,1
4.02,1
4.03,1
4.04,1
4.05,1
4.06,1
4.07,1
4.08,1
4.09,1
4.1,1
4.11,2
4.12,2
4.13,2
4.14,2
4.15,2
4.16,2
4.17,2
4.18,2
4.19,2
4.2,2
4.21,2
4.22,2
4.23,2
4.24,2
4.25,2
4.26,2
4.27,2
4.28,2
4.29,2
4.3,2
4.31,2
4.32,2
4.33,2
4.34,2
4.35,0
4.36,0
4.37,0
4.38,0
4.39,0
4.4,0
4.41,0
4.42,0
4.43,0
4.44,0
4.45,0
4.46,0
4.47,0
4.48,0
4.49,0
4.5,0
4.51,0
4.52,0
4.53,0
4.54,0
4.55,0
4.56,0
4.57,0
4.58,0
4.59,0
4.6,0
4.61,0
4.62,0
4.63,0
4.64,0
4.65,0
4.66,0
4.67,0
4.68,0
4.69,0
4.7,0
4.71,0
4.72,0
4.73,0
4.74,0
4.75,0
4.76,0
4.77,0
4.78,0
4.79,0
4.8,0
4.81,1
4.82,1
4.83,1
4.84,1
4.85,1
4.86,1
4.87,1
4.88,1
4.89,1
4.9,1
4.91,2
4.92,2
4.93,2
4.94,2
4.95,2
4.96,2
4.97,2
4.98,2
4.99,2
5.0,2
5.01,2
5.02,2
5.03,2
5.04,2
5.05,2
5.06,2
5.07,2
5.08,2
5.09,2
5.1,2
5.11,2
5.12,2
5.13,2
5.14,2
5.15,0
5.16,0
5.17,0
5.18,0
5.19,0
5.2,0
5.21,0
5.22,0
5.23,0
5.24,0
5.25,0
5.26,0
5.27,0
5.28,0
5.29,0
5.3,0
5.31,0
5.32,0
5.33,0
5.34,0
5.35,0
5.36,0
5.37,0
5.38,0
5.39,0
5.4,0
5.41,0
5.42,0
5.43,0
5.44,0
5.45,0
5.46,0
5.47,0
5.48,0
5.49,0
5.5,0
5.51,0
5.52,0
5.53,0
5.54,0
5.55,0
5.56,0
5.57,0
5.58,0
5.59,0
5.6,0
5.61,1
5.62,1
5.63,1
5.64,1
5.65,1
5.66,1
5.67,1
5.68,1
5.69,1
5.7,1
5.71,2
5.72,2
5.73,2
5.74,2
5.75,2
5.76,2
5.77,2
5.78,2
5.79,2
5.8,2
5.81,2
5.82,2
5.83,2
5.84,2
5.85,2
5.86,2
5.87,2
5.88,2
5.89,2
5.9,2
5.91,2
5.92,2
5.93,2
5.94,2
5.95,0
5.96,1
5.97,1
5.98,1
5.99,1
6.0,1
6.01,1
6.02,1
6.03,1
6.04,1
6.05,1
6.06,2
6.07,2
6.08,2
6.09,2
6.1,2
6.11,2
6.12,2
6.13,2
6.14,2
6.15,2
6.16,2
6.17,2
6.18,2
6.19,2
6.2,2
6.21,2
6.22,2
6.23,2
6.24,2
6.25,2
6.26,2
6.27,2
6.28,2
6.29,2
6.3,0
6.31,0
6.32,0
6.33,0
6.34,0
6.35,0
6.36,0
6.37,0
6.38,0
6.39,0
6.4,0
6.41,1
6.42,1
6.43,1
6.44,1
6.45,1
6.46,1
6.47,1
6.48,1
6.49,1
6.5,1
6.51,2
6.52,2
6.53,2
6.54,2
6.55,2
6.56,2
6.57,2
6.58,2
6.59,2
6.6,2
6.61,2
6.62,2
6.63,2
6.64,2
6.65,2
6.66,2
6.67,2
6.68,2
6.69,2
6.7,2
6.71,2
6.72,2
6.73,2
6.74,2
6.75,0
6.76,0
6.77,0
6.78,0
6.79,0
6.8,0
6.81,0
6.82,0
6.83,0
6.84,0
6.85,0
6.86,0
6.87,0
6.88,0
6.89,0
6.9,0
6.91,0
6.92,0
6.93,0
6.94,0
6.95,0
6.96,0
6.97,0
6.98,0
6.99,0
7.0,0
7.01,0
7.02,0
7.03,0
7.04,0
7.05,0
7.06,0
7.07,0
7.08,0
7.09,0
7.1,0
7.11,0
7.12,0
7.13,0
7.14,0
7.15,0
7.16,0
7.17,0
7.18,0
7.19,0
7.2,0
7.21,1
7.22,1
7.23,1
7.24,1
7.25,1
7.26,1
7.27,1
7.28,1
7.29,1
7.3,1
7.31,2
7.32,2
7.33,2
7.34,2
7.35,2
7.36,2
7.37,2
7.38,2
7.39,2
7.4,2
7.41,2
7.42,2
7.43,2
7.44,2
7.45,2
7.46,2
7.47,2
7.48,2
7.49,2
7.5,2
7.51,2
7.52,2
7.53,2
7.54,2
7.55,0
7.56,1
7.57,1
7.58,1
7.59,1
7.6,1
7.61,1
7.62,1
7.63,1
7.64,1
7.65,1
7.66,2
7.67,2
7.68,2
7.69,2
7.7,2
7.71,2
7.72,2
7.73,2
7.74,2
7.75,2
7.76,2
7.77,2
7.78,2
7.79,2
7.8,2
7.81,2
7.82,2
7.83,2
7.84,2
7.85,2
7.86,2
7.87,2
7.88,2
7.89,2
7.9,0
7.91,0
7.92,0
7.93,0
7.94,0
7.95,0
7.96,0
7.97,0
7.98,0
7.99,0
8.0,0
8.01,1
8.02,1
8.03,1
8.04,1
8.05,1
8.06,1
8.07,1
8.08,1
8.09,1
8.1,1
8.11,2
8.12,2
8.13,2
8.14,2
8.15,2
8.16,2
8.17,2
8.18,2
8.19,2
8.2,2
8.21,2
8.22,2
8.23,2
8.24,2
8.25,2
8.26,2
8.27,2
8.28,2
8.29,2
8.3,2
8.31,2
8.32,2
8.33,2
8.34,2
8.35,0
8.36,1
8.37,1
8.38,1
8.39,1
8.4,1
8.41,1
8.42,1
8.43,1
8.44,1
8.45,1
8.46,2
8.47,2
8.48,2
8.49,2
8.5,2
8.51,2
8.52,2
8.53,2
8.54,2
8.55,2
8.56,2
8.57,2
8.58,2
8.59,2
8.6,2
8.61,2
8.62,2
8.63,2
8.64,2
8.65,2
8.66,2
8.67,2
8.68,2
8.69,2
8.7,0
8.71,0
8.72,0
8.73,0
8.74,0
8.75,0
8.76,0
8.77,0
8.78,0
8.79,0
8.8,0
8.81,1
8.82,1
8.83,1
8.84,1
8.85,1
8.86,1
8.87,1
8.88,1
8.89,1
8.9,1
8.91,2
8.92,2
8.93,2
8.94,2
8.95,2
8.96,2
8.97,2
8.98,2
8.99,2
9.0,2
9.01,2
9.02,2
9.03,2
9.04,2
9.05,2
9.06,2
9.07,2
9.08,2
9.09,2
9.1,2
9.11,2
9.12,2
9.13,2
9.14,2
9.15,0
9.16,1
9.17,1
9.18,1
9.19,1
9.2,1
9.21,1
9.22,1
9.23,1
9.24,1
9.25,1
9.26,2
9.27,2
9.28,2
9.29,2
9.3,2
9.31,2
9.32,2
9.33,2
9.34,2
9.35,2
9.36,2
9.37,2
9.38,2
9.39,2
9.4,2
9.41,2
9.42,2
9.43,2
9.44,2
9.45,2
9.46,2
9.47,2
9.48,2
9.49,2
9.5,0
9.51,0
9.52,0
9.53,0
9.54,0
9.55,0
9.56,0
9.57,0
9.58,0
9.59,0
9.6,0
9.61,1
9.62,1
9.63,1
9.64,1
9.65,1
9.66,1
9.67,1
9.68,1
9.69,1
9.7,1
9.71,2
9.72,2
9.73,2
9.74,2
9.75,2
9.76,2
9.77,2
9.78,2
9.79,2
9.8,2
9.81,2
9.82,2
9.83,2
9.84,2
9.85,2
9.86,2
9.87,2
9.88,2
9.89,2
9.9,2
9.91,2
9.92,2
9.93,2
9.94,2
9.95,0
9.96,1
9.97,1
9.98,1
9.99,1
10.0,1
10.01,1
10.02,1
10.03,1
10.04,1
10.05,1
10.06,2
10.07,2
10.08,2
10.09,2
10.1,2
10.11,2
10.12,2
10.13,2
10.14,2
10.15,2
10.16,2
10.17,2
10.18,2
10.19,2
10.2,2
10.21,2
10.22,2
10.23,2
10.24,2
10.25,2
10.26,2
10.27,2
10.28,2
10.29,2
10.3,0
10.31,0
10.32,0
10.33,0
10.34,0
10.35,0
10.36,0
10.37,0
10.38,0
10.39,0
10.4,0
10.41,1
10.42,1
10.43,1
10.44,1
10.45,1
10.46,1
10.47,1
10.48,1
10.49,1
10.5,1
10.51,2
10.52,2
10.53,2
10.54,2
10.55,2
10.56,2
10.57,2
10.58,2
10.59,2
10.6,2
10.61,2
10.62,2
10.63,2
10.64,2
10.65,2
10.66,2
10.67,2
10.68,2
10.69,2
10.7,2
10.71,2
10.72,2
10.73,2
10.74,2
10.75,0
10.76,0
10.77,0
10.78,0
10.79,0
10.8,0
10.81,0
10.82,0
10.83,0
10.84,0
10.85,0
10.86,0
10.87,0
10.88,0
10.89,0
10.9,0
10.91,0
10.92,0
10.93,0
10.94,0
10.95,0
10.96,0
10.97,0
10.98,0
10.99,0
11.0,0
11.01,0
11.02,0
11.03,0
11.04,0
11.05,0
11.06,0
11.07,0
11.08,0
11.09,0
11.1,0
11.11,0
11.12,0
11.13,0
11.14,0
11.15,0
11.16,0
11.17,0
11.18,0
11.19,0
11.2,0
11.21,1
11.22,1
11.23,1
11.24,1
11.25,1
11.26,1
11.27,1
11.28,1
11.29,1
11.3,1
11.31,2
11.32,2
11.33,2
11.34,2
11.35,2
11.36,2
11.37,2
11.38,2
11.39,2
11.4,2
11.41,2
11.42,2
11.43,2
11.44,2
11.45,2
11.46,2
11.47,2
11.48,2
11.49,2
11.5,2
11.51,2
11.52,2
11.53,2
11.54,2
11.55,0
11.56,0
11.57,0
11.58,0
11.59,0
11.6,0
11.61,0
11.62,0
11.63,0
11.64,0
11.65,0
11.66,0
11.67,0
11.68,0
11.69,0
11.7,0
11.71,0
11.72,0
11.73,0
11.74,0
11.75,0
11.76,0
11.77,0
11.78,0
11.79,0
11.8,0
11.81,0
11.82,0
11.83,0
11.84,0
11.85,0
11.86,0
11.87,0
11.88,0
11.89,0
11.9,0
11.91,0
11.92,0
11.93,0
11.94,0
11.95,0
11.96,0
11.97,0
11.98,0
11.99,0
12.0,0
12.01,1
12.02,1
12.03,1
12.04,1
12.05,1
12.06,1
12.07,1
12.08,1
12.09,1
12.1,1
12.11,2
12.12,2
12.13,2
12.14,2
12.15,2
12.16,2
12.17,2
12.18,2
12.19,2
12.2,2
12.21,2
12.22,2
12.23,2
12.24,2
12.25,2
12.26,2
12.27,2
12.28,2
12.29,2
12.3,2
12.31,2
12.32,2
12.33,2
12.34,2
12.35,0
12.36,0
12.37,0
12.38,0
12.39,0
12.4,0
12.41,0
12.42,0
12.43,0
12.44,0
12.45,0
12.46,0
12.47,0
12.48,0
12.49,0
12.5,0
12.51,0
12.52,0
12.53,0
12.54,0
12.55,0
12.56,0
12.57,0
12.58,0
12.59,0
12.6,0
12.61,0
12.62,0
12.63,0
12.64,0
12.65,0
12.66,0
12.67,0
12.68,0
12.69,0
12.7,0
12.71,0
12.72,0
12.73,0
12.74,0
12.75,0
12.76,0
12.77,0
12.78,0
12.79,0
12.8,0
12.81,1
12.82,1
12.83,1
12.84,1
12.85,1
12.86,1
12.87,1
12.88,1
12.89,1
12.9,1
12.91,2
12.92,2
12.93,2
12.94,2
12.95,2
12.96,2
12.97,2
12.98,2
12.99,2
13.0,2
13.01,2
13.02,2
13.03,2
13.04,2
13.05,2
13.06,2
13.07,2
13.08,2
13.09,2
13.1,2
13.11,2
13.12,2
13.13,2
13.14,2
13.15,0
13.16,1
13.17,1
13.18,1
13.19,1
13.2,1
13.21,1
13.22,1
13.23,1
13.24,1
13.25,1
13.26,2
13.27,2
13.28,2
13.29,2
13.3,2
13.31,2
13.32,2
13.33,2
13.34,2
13.35,2
13.36,2
13.37,2
13.38,2
13.39,2
13.4,2
13.41,2
13.42,2
13.43,2
13.44,2
13.45,2
13.46,2
13.47,2
13.48,2
13.49,2
13.5,0
13.51,0
13.52,0
13.53,0
13.54,0
13.55,0
13.56,0
13.57,0
13.58,0
13.59,0
13.6,0
13.61,1
13.62,1
13.63,1
13.64,1
13.65,1
13.66,1
13.67,1
13.68,1
13.69,1
13.7,1
13.71,2
13.72,2
13.73,2
13.74,2
13.75,2
13.76,2
13.77,2
13.78,2
13.79,2
13.8,2
13.81,2
13.82,2
13.83,2
13.84,2
13.85,2
13.86,2
13.87,2
13.88,2
13.89,2
13.9,2
13.91,2
13.92,2
13.93,2
13.94,2
13.95,0
13.96,0
13.97,0
13.98,0
13.99,0
14.0,0
14.01,0
14.02,0
14.03,0
14.04,0
14.05,0
14.06,0
14.07,0
14.08,0
14.09,0
14.1,0
14.11,0
14.12,0
14.13,0
14.14,0
14.15,0
14.16,0
14.17,0
14.18,0
14.19,0
14.2,0
14.21,0
14.22,0
14.23,0
14.24,0
14.25,0
14.26,0
14.27,0
14.28,0
14.29,0
14.3,0
14.31,0
14.32,0
14.33,0
14.34,0
14.35,0
14.36,0
14.37,0
14.38,0
14.39,0
14.4,0
14.41,1
14.42,1
14.43,1
14.44,1
14.45,1
14.46,1
14.47,1
14.48,1
14.49,1
14.5,1
14.51,2
14.52,2
14.53,2
14.54,2
14.55,2
14.56,2
14.57,2
14.58,2
14.59,2
14.6,2
14.61,2
14.62,2
14.63,2
14.64,2
14.65,2
14.66,2
14.67,2
14.68,2
14.69,2
14.7,2
14.71,2
14.72,2
14.73,2
14.74,2
14.75,0
14.76,0
14.77,0
14.78,0
14.79,0
14.8,0
14.81,0
14.82,0
14.83,0
14.84,0
14.85,0
14.86,0
14.87,0
14.88,0
14.89,0
14.9,0
14.91,0
14.92,0
14.93,0
14.94,0
14.95,0
14.96,0
14.97,0
14.98,0
14.99,0
15.0,0
15.01,0
15.02,0
15.03,0
15.04,0
15.05,0
15.06,0
15.07,0
15.08,0
15.09,0
15.1,0
15.11,0
15.12,0
15.13,0
15.14,0
15.15,0
15.16,0
15.17,0
15.18,0
15.19,0
15.2,0
15.21,1
15.22,1
15.23,1
15.24,1
15.25,1
15.26,1
15.27,1
15.28,1
15.29,1
15.3,1
15.31,2
15.32,2
15.33,2
15.34,2
15.35,2
15.36,2
15.37,2
15.38,2
15.39,2
15.4,2
15.41,2
15.42,2
15.43,2
15.44,2
15.45,2
15.46,2
15.47,2
15.48,2
15.49,2
15.5,2
15.51,2
15.52,2
15.53,2
15.54,2
15.55,0
15.56,0
15.57,0
15.58,0
15.59,0
15.6,0
15.61,0
15.62,0
15.63,0
15.64,0
15.65,0
15.66,0
15.67,0
15.68,0
15.69,0
15.7,0
15.71,0
15.72,0
15.73,0
15.74,0
15.75,0
15.76,0
15.77,0
15.78,0
15.79,0
15.8,0
15.81,0
15.82,0
15.83,0
15.84,0
15.85,0
15.86,0
15.87,0
15.88,0
15.89,0
15.9,0
15.91,0
15.92,0
15.93,0
15.94,0
15.95,0
15.96,0
15.97,0
15.98,0
15.99,0
16.0,0
16.01,1
16.02,1
16.03,1
16.04,1
16.05,1
16.06,1
16.07,1
16.08,1
16.09,1
16.1,1
16.11,2
16.12,2
16.13,2
16.14,2
16.15,2
16.16,2
16.17,2
16.18,2
16.19,2
16.2,2
16.21,2
16.22,2
16.23,2
16.24,2
16.25,2
16.26,2
16.27,2
16.28,2
16.29,2
16.3,2
16.31,2
16.32,2
16.33,2
16.34,2
16.35,0
16.36,0
16.37,0
16.38,0
16.39,0
16.4,0
16.41,0
16.42,0
16.43,0
16.44,0
16.45,0
16.46,0
16.47,0
16.48,0
16.49,0
16.5,0
16.51,0
16.52,0
16.53,0
16.54,0
16.55,0
16.56,0
16.57,0
16.58,0
16.59,0
16.6,0
16.61,0
16.62,0
16.63,0
16.64,0
16.65,0
16.66,0
16.67,0
16.68,0
16.69,0
16.7,0
16.71,0
16.72,0
16.73,0
16.74,0
16.75,0
16.76,0
16.77,0
16.78,0
16.79,0
16.8,0
16.81,1
16.82,1
16.83,1
16.84,1
16.85,1
16.86,1
16.87,1
16.88,1
16.89,1
16.9,1
16.91,2
16.92,2
16.93,2
16.94,2
16.95,2
16.96,2
16.97,2
16.98,2
16.99,2
17.0,2
17.01,2
17.02,2
17.03,2
17.04,2
17.05,2
17.06,2
17.07,2
17.08,2
17.09,2
17.1,2
17.11,2
17.12,2
17.13,2
17.14,2
17.15,0
17.16,0
17.17,0
17.18,0
17.19,0
17.2,0
17.21,0
17.22,0
17.23,0
17.24,0
17.25,0
17.26,0
17.27,0
17.28,0
17.29,0
17.3,0
17.31,0
17.32,0
17.33,0
17.34,0
17.35,0
17.36,0
17.37,0
17.38,0
17.39,0
17.4,0
17.41,0
17.42,0
17.43,0
17.44,0
17.45,0
17.46,0
17.47,0
17.48,0
17.49,0
17.5,0
17.51,0
17.52,0
17.53,0
17.54,0
17.55,0
17.56,0
17.57,0
17.58,0
17.59,0
17.6,0
17.61,1
17.62,1
17.63,1
17.64,1
17.65,1
17.66,1
17.67,1
17.68,1
17.69,1
17.7,1
17.71,2
17.72,2
17.73,2
17.74,2
17.75,2
17.76,2
17.77,2
17.78,2
17.79,2
17.8,2
17.81,2
17.82,2
17.83,2
17.84,2
17.85,2
17.86,2
17.87,2
17.88,2
17.89,2
17.9,2
17.91,2
17.92,2
17.93,2
17.94,2
17.95,0
17.96,1
17.97,1
17.98,1
17.99,1
18.0,1
18.01,1
18.02,1
18.03,1
18.04,1
18.05,1
18.06,2
18.07,2
18.08,2
18.09,2
18.1,2
18.11,2
18.12,2
18.13,2
18.14,2
18.15,2
18.16,2
18.17,2
18.18,2
18.19,2
18.2,2
18.21,2
18.22,2
18.23,2
18.24,2
18.25,2
18.26,2
18.27,2
18.28,2
18.29,2
18.3,0
18.31,0
18.32,0
18.33,0
18.34,0
18.35,0
18.36,0
18.37,0
18.38,0
18.39,0
18.4,1
18.41,1
18.42,1
18.43,1
18.44,1
18.45,1
18.46,1
18.47,1
18.48,1
18.49,1
18.5,2
18.51,2
18.52,2
18.53,2
18.54,2
18.55,2
18.56,2
18.57,2
18.58,2
18.59,2
18.6,2
18.61,2
18.62,2
18.63,2
18.64,2
18.65,2
18.66,2
18.67,2
18.68,2
18.69,2
18.7,2
18.71,2
18.72,2
18.73,2
18.74,0
18.75,0
18.76,0
18.77,0
18.78,0
18.79,0
18.8,0
18.81,0
18.82,0
18.83,0
18.84,0
18.85,0
18.86,0
18.87,0
18.88,0
18.89,0
18.9,0
18.91,0
18.92,0
18.93,0
18.94,0
18.95,0
18.96,0
18.97,0
18.98,0
18.99,0
19.0,0
19.01,0
19.02,0
19.03,0
19.04,0
19.05,0
19.06,0
19.07,0
19.08,0
19.09,0
19.1,0
19.11,0
19.12,0
19.13,0
19.14,0
19.15,0
19.16,0
19.17,0
19.18,0
19.19,0
19.2,1
19.21,1
19.22,1
19.23,1
19.24,1
19.25,1
19.26,1
19.27,1
19.28,1
19.29,1
19.3,2
19.31,2
19.32,2
19.33,2
19.34,2
19.35,2
19.36,2
19.37,2
19.38,2
19.39,2
19.4,2
19.41,2
19.42,2
19.43,2
19.44,2
19.45,2
19.46,2
19.47,2
19.48,2
19.49,2
19.5,2
19.51,2
19.52,2
19.53,2
19.54,0
19.55,0
19.56,0
19.57,0
19.58,0
19.59,0
19.6,0
19.61,0
19.62,0
19.63,0
19.64,0
19.65,0
19.66,0
19.67,0
19.68,0
19.69,0
19.7,0
19.71,0
19.72,0
19.73,0
19.74,0
19.75,0
19.76,0
19.77,0
19.78,0
19.79,0
19.8,0
19.81,0
19.82,0
19.83,0
19.84,0
19.85,0
19.86,0
19.87,0
19.88,0
19.89,0
19.9,0
19.91,0
19.92,0
19.93,0
19.94,0
19.95,0
19.96,0
19.97,0
19.98,0
19.99,0
20.0,1
20.01,1
20.02,1
20.03,1
20.04,1
20.05,1
20.06,1
20.07,1
20.08,1
20.09,1
20.1,2
20.11,2
20.12,2
20.13,2
20.14,2
20.15,2
20.16,2
20.17,2
20.18,2
20.19,2
20.2,2
20.21,2
20.22,2
20.23,2
20.24,2
20.25,2
20.26,2
20.27,2
20.28,2
20.29,2
20.3,2
20.31,2
20.32,2
20.33,2
20.34,0
20.35,0
20.36,0
20.37,0
20.38,0
20.39,0
20.4,0
20.41,0
20.42,0
20.43,0
20.44,0
20.45,0
20.46,0
20.47,0
20.48,0
20.49,0
20.5,0
20.51,0
20.52,0
20.53,0
20.54,0
20.55,0
20.56,0
20.57,0
20.58,0
20.59,0
20.6,0
20.61,0
20.62,0
20.63,0
20.64,0
20.65,0
20.66,0
20.67,0
20.68,0
20.69,0
20.7,0
20.71,0
20.72,0
20.73,0
20.74,0
20.75,0
20.76,0
20.77,0
20.78,0
20.79,0
20.8,1
20.81,1
20.82,1
20.83,1
20.84,1
20.85,1
20.86,1
20.87,1
20.88,1
20.89,1
20.9,2
20.91,2
20.92,2
20.93,2
20.94,2
20.95,2
20.96,2
20.97,2
20.98,2
20.99,2
21.0,2
21.01,2
21.02,2
21.03,2
21.04,2
21.05,2
21.06,2
21.07,2
21.08,2
21.09,2
21.1,2
21.11,2
21.12,2
21.13,2
21.14,0
21.15,0
21.16,0
21.17,0
21.18,0
21.19,0
21.2,0
21.21,0
21.22,0
21.23,0
21.24,0
21.25,0
21.26,0
21.27,0
21.28,0
21.29,0
21.3,0
21.31,0
21.32,0
21.33,0
21.34,0
21.35,0
21.36,0
21.37,0
21.38,0
21.39,0
21.4,0
21.41,0
21.42,0
21.43,0
21.44,0
21.45,0
21.46,0
21.47,0
21.48,0
21.49,0
21.5,0
21.51,0
21.52,0
21.53,0
21.54,0
21.55,0
21.56,0
21.57,0
21.58,0
21.59,0
21.6,1
21.61,1
21.62,1
21.63,1
21.64,1
21.65,1
21.66,1
21.67,1
21.68,1
21.69,1
21.7,2
21.71,2
21.72,2
21.73,2
21.74,2
21.75,2
21.76,2
21.77,2
21.78,2
21.79,2
21.8,2
21.81,2
21.82,2
21.83,2
21.84,2
21.85,2
21.86,2
21.87,2
21.88,2
21.89,2
21.9,2
21.91,2
21.92,2
21.93,2
21.94,0
21.95,0
21.96,0
21.97,0
21.98,0
21.99,0
22.0,0
22.01,0
22.02,0
22.03,0
22.04,0
22.05,0
22.06,0
22.07,0
22.08,0
22.09,0
22.1,0
22.11,0
22.12,0
22.13,0
22.14,0
22.15,0
22.16,0
22.17,0
22.18,0
22.19,0
22.2,0
22.21,0
22.22,0
22.23,0
22.24,0
22.25,0
22.26,0
22.27,0
22.28,0
22.29,0
22.3,0
22.31,0
22.32,0
22.33,0
22.34,0
22.35,0
22.36,0
22.37,0
22.38,0
22.39,0
22.4,1
22.41,1
22.42,1
22.43,1
22.44,1
22.45,1
22.46,1
22.47,1
22.48,1
22.49,1
22.5,2
22.51,2
22.52,2
22.53,2
22.54,2
22.55,2
22.56,2
22.57,2
22.58,2
22.59,2
22.6,2
22.61,2
22.62,2
22.63,2
22.64,2
22.65,2
22.66,2
22.67,2
22.68,2
22.69,2
22.7,2
22.71,2
22.72,2
22.73,2
22.74,0
22.75,0
22.76,0
22.77,0
22.78,0
22.79,0
22.8,0
22.81,0
22.82,0
22.83,0
22.84,0
22.85,0
22.86,0
22.87,0
22.88,0
22.89,0
22.9,0
22.91,0
22.92,0
22.93,0
22.94,0
22.95,0
22.96,0
22.97,0
22.98,0
22.99,0
23.0,0
23.01,0
23.02,0
23.03,0
23.04,0
23.05,0
23.06,0
23.07,0
23.08,0
23.09,0
23.1,0
23.11,0
23.12,0
23.13,0
23.14,0
23.15,0
23.16,0
23.17,0
23.18,0
23.19,0
23.2,1
23.21,1
23.22,1
23.23,1
23.24,1
23.25,1
23.26,1
23.27,1
23.28,1
23.29,1
23.3,2
23.31,2
23.32,2
23.33,2
23.34,2
23.35,2
23.36,2
23.37,2
23.38,2
23.39,2
23.4,2
23.41,2
23.42,2
23.43,2
23.44,2
23.45,2
23.46,2
23.47,2
23.48,2
23.49,2
23.5,2
23.51,2
23.52,2
23.53,2
23.54,0
23.55,0
23.56,0
23.57,0
23.58,0
23.59,0
23.6,0
23.61,0
23.62,0
23.63,0
23.64,0
23.65,0
23.66,0
23.67,0
23.68,0
23.69,0
23.7,0
23.71,0
23.72,0
23.73,0
23.74,0
23.75,0
23.76,0
23.77,0
23.78,0
23.79,0
23.8,0
23.81,0
23.82,0
23.83,0
23.84,0
23.85,0
23.86,0
23.87,0
23.88,0
23.89,0
23.9,0
23.91,0
23.92,0
23.93,0
23.94,0
23.95,0
23.96,0
23.97,0
23.98,0
23.99,0
24.0,1
24.01,1
24.02,1
24.03,1
24.04,1
24.05,1
24.06,1
24.07,1
24.08,1
24.09,1
24.1,2
24.11,2
24.12,2
24.13,2
24.14,2
24.15,2
24.16,2
24.17,2
24.18,2
24.19,2
24.2,2
24.21,2
24.22,2
24.23,2
24.24,2
24.25,2
24.26,2
24.27,2
24.28,2
24.29,2
24.3,2
24.31,2
24.32,2
24.33,2
24.34,0
24.35,0
24.36,0
24.37,0
24.38,0
24.39,0
24.4,0
24.41,0
24.42,0
24.43,0
24.44,0
24.45,0
24.46,0
24.47,0
24.48,0
24.49,0
24.5,0
24.51,0
24.52,0
24.53,0
24.54,0
24.55,0
24.56,0
24.57,0
24.58,0
24.59,0
24.6,0
24.61,0
24.62,0
24.63,0
24.64,0
24.65,0
24.66,0
24.67,0
24.68,0
24.69,0
24.7,0
24.71,0
24.72,0
24.73,0
24.74,0
24.75,0
24.76,0
24.77,0
24.78,0
24.79,0
24.8,1
24.81,1
24.82,1
24.83,1
24.84,1
24.85,1
24.86,1
24.87,1
24.88,1
24.89,1
24.9,2
24.91,2
24.92,2
24.93,2
24.94,2
24.95,2
24.96,2
24.97,2
24.98,2
24.99,2
25.0,2
25.01,2
25.02,2
25.03,2
25.04,2
25.05,2
25.06,2
25.07,2
25.08,2
25.09,2
25.1,2
25.11,2
25.12,2
25.13,2
25.14,0
25.15,0
25.16,0
25.17,0
25.18,0
25.19,0
25.2,0
25.21,0
25.22,0
25.23,0
25.24,0
25.25,0
25.26,0
25.27,0
25.28,0
25.29,0
25.3,0
25.31,0
25.32,0
25.33,0
25.34,0
25.35,0
25.36,0
25.37,0
25.38,0
25.39,0
25.4,0
25.41,0
25.42,0
25.43,0
25.44,0
25.45,0
25.46,0
25.47,0
25.48,0
25.49,0
25.5,0
25.51,0
25.52,0
25.53,0
25.54,0
25.55,0
25.56,0
25.57,0
25.58,0
25.59,0
25.6,1
25.61,1
25.62,1
25.63,1
25.64,1
25.65,1
25.66,1
25.67,1
25.68,1
25.69,1
25.7,2
25.71,2
25.72,2
25.73,2
25.74,2
25.75,2
25.76,2
25.77,2
25.78,2
25.79,2
25.8,2
25.81,2
25.82,2
25.83,2
25.84,2
25.85,2
25.86,2
25.87,2
25.88,2
25.89,2
25.9,2
25.91,2
25.92,2
25.93,2
25.94,0
25.95,0
25.96,0
25.97,0
25.98,0
25.99,0
26.0,0
26.01,0
26.02,0
26.03,0
26.04,0
26.05,0
26.06,0
26.07,0
26.08,0
26.09,0
26.1,0
26.11,0
26.12,0
26.13,0
26.14,0
26.15,0
26.16,0
26.17,0
26.18,0
26.19,0
26.2,0
26.21,0
26.22,0
26.23,0
26.24,0
26.25,0
26.26,0
26.27,0
26.28,0
26.29,0
26.3,0
26.31,0
26.32,0
26.33,0
26.34,0
26.35,0
26.36,0
26.37,0
26.38,0
26.39,0
26.4,1
26.41,1
26.42,1
26.43,1
26.44,1
26.45,1
26.46,1
26.47,1
26.48,1
26.49,1
26.5,2
26.51,2
26.52,2
26.53,2
26.54,2
26.55,2
26.56,2
26.57,2
26.58,2
26.59,2
26.6,2
26.61,2
26.62,2
26.63,2
26.64,2
26.65,2
26.66,2
26.67,2
26.68,2
26.69,2
26.7,2
26.71,2
26.72,2
26.73,2
26.74,0
26.75,0
26.76,0
26.77,0
26.78,0
26.79,0
26.8,0
26.81,0
26.82,0
26.83,0
26.84,0
26.85,0
26.86,0
26.87,0
26.88,0
26.89,0
26.9,0
26.91,0
26.92,0
26.93,0
26.94,0
26.95,0
26.96,0
26.97,0
26.98,0
26.99,0
27.0,0
27.01,0
27.02,0
27.03,0
27.04,0
27.05,0
27.06,0
27.07,0
27.08,0
27.09,0
27.1,0
27.11,0
27.12,0
27.13,0
27.14,0
27.15,0
27.16,0
27.17,0
27.18,0
27.19,0
27.2,1
27.21,1
27.22,1
27.23,1
27.24,1
27.25,1
27.26,1
27.27,1
27.28,1
27.29,1
27.3,2
27.31,2
27.32,2
27.33,2
27.34,2
27.35,2
27.36,2
27.37,2
27.38,2
27.39,2
27.4,2
27.41,2
27.42,2
27.43,2
27.44,2
27.45,2
27.46,2
27.47,2
27.48,2
27.49,2
27.5,2
27.51,2
27.52,2
27.53,2
27.54,0
27.55,0
27.56,0
27.57,0
27.58,0
27.59,0
27.6,0
27.61,0
27.62,0
27.63,0
27.64,0
27.65,0
27.66,0
27.67,0
27.68,0
27.69,0
27.7,0
27.71,0
27.72,0
27.73,0
27.74,0
27.75,0
27.76,0
27.77,0
27.78,0
27.79,0
27.8,0
27.81,0
27.82,0
27.83,0
27.84,0
27.85,0
27.86,0
27.87,0
27.88,0
27.89,0
27.9,0
27.91,0
27.92,0
27.93,0
27.94,0
27.95,0
27.96,0
27.97,0
27.98,0
27.99,0
28.0,1
28.01,1
28.02,1
28.03,1
28.04,1
28.05,1
28.06,1
28.07,1
28.08,1
28.09,1
28.1,2
28.11,2
28.12,2
28.13,2
28.14,2
28.15,2
28.16,2
28.17,2
28.18,2
28.19,2
28.2,2
28.21,2
28.22,2
28.23,2
28.24,2
28.25,2
28.26,2
28.27,2
28.28,2
28.29,2
28.3,2
28.31,2
28.32,2
28.33,2
28.34,0
28.35,0
28.36,0
28.37,0
28.38,0
28.39,0
28.4,0
28.41,0
28.42,0
28.43,0
28.44,0
28.45,0
28.46,0
28.47,0
28.48,0
28.49,0
28.5,0
28.51,0
28.52,0
28.53,0
28.54,0
28.55,0
28.56,0
28.57,0
28.58,0
28.59,0
28.6,0
28.61,0
28.62,0
28.63,0
28.64,0
28.65,0
28.66,0
28.67,0
28.68,0
28.69,0
28.7,0
28.71,0
28.72,0
28.73,0
28.74,0
28.75,0
28.76,0
28.77,0
28.78,0
28.79,0
28.8,1
28.81,1
28.82,1
28.83,1
28.84,1
28.85,1
28.86,1
28.87,1
28.88,1
28.89,1
28.9,2
28.91,2
28.92,2
28.93,2
28.94,2
28.95,2
28.96,2
28.97,2
28.98,2
28.99,2
29.0,2
29.01,2
29.02,2
29.03,2
29.04,2
29.05,2
29.06,2
29.07,2
29.08,2
29.09,2
29.1,2
29.11,2
29.12,2
29.13,2
29.14,0
29.15,0
29.16,0
29.17,0
29.18,0
29.19,0
29.2,0
29.21,0
29.22,0
29.23,0
29.24,0
29.25,0
29.26,0
29.27,0
29.28,0
29.29,0
29.3,0
29.31,0
29.32,0
29.33,0
29.34,0
29.35,0
29.36,0
29.37,0
29.38,0
29.39,0
29.4,0
29.41,0
29.42,0
29.43,0
29.44,0
29.45,0
29.46,0
29.47,0
29.48,0
29.49,0
29.5,0
29.51,0
29.52,0
29.53,0
29.54,0
29.55,0
29.56,0
29.57,0
29.58,0
29.59,0
29.6,1
29.61,1
29.62,1
29.63,1
29.64,1
29.65,1
29.66,1
29.67,1
29.68,1
29.69,1
29.7,2
29.71,2
29.72,2
29.73,2
29.74,2
29.75,2
29.76,2
29.77,2
29.78,2
29.79,2
29.8,2
29.81,2
29.82,2
29.83,2
29.84,2
29.85,2
29.86,2
29.87,2
29.88,2
29.89,2
29.9,2
29.91,2
29.92,2
29.93,2
29.94,0
29.95,0
29.96,0
29.97,0
29.98,0
29.99,0
30.0,0
30.01,0
30.02,0
30.03,0
30.04,0
30.05,0
30.06,0
30.07,0
30.08,0
30.09,0
30.1,0
30.11,0
30.12,0
30.13,0
30.14,0
30.15,0
30.16,0
30.17,0
30.18,0
30.19,0
30.2,0
30.21,0
30.22,0
30.23,0
30.24,0
30.25,0
30.26,0
30.27,0
30.28,0
30.29,0
30.3,0
30.31,0
30.32,0
30.33,0
30.34,0
30.35,0
30.36,0
30.37,0
30.38,0
30.39,0
30.4,1
30.41,1
30.42,1
30.43,1
30.44,1
30.45,1
30.46,1
30.47,1
30.48,1
30.49,1
30.5,2
30.51,2
30.52,2
30.53,2
30.54,2
30.55,2
30.56,2
30.57,2
30.58,2
30.59,2
30.6,2
30.61,2
30.62,2
30.63,2
30.64,2
30.65,2
30.66,2
30.67,2
30.68,2
30.69,2
30.7,2
30.71,2
30.72,2
30.73,2
30.74,0
30.75,0
30.76,0
30.77,0
30.78,0
30.79,0
30.8,0
30.81,0
30.82,0
30.83,0
30.84,0
30.85,0
30.86,0
30.87,0
30.88,0
30.89,0
30.9,0
30.91,0
30.92,0
30.93,0
30.94,0
30.95,0
30.96,0
30.97,0
30.98,0
30.99,0
31.0,0
31.01,0
31.02,0
31.03,0
31.04,0
31.05,0
31.06,0
31.07,0
31.08,0
31.09,0
31.1,0
31.11,0
31.12,0
31.13,0
31.14,0
31.15,0
31.16,0
31.17,0
31.18,0
31.19,0
31.2,1
31.21,1
31.22,1
31.23,1
31.24,1
31.25,1
31.26,1
31.27,1
31.28,1
31.29,1
31.3,2
31.31,2
31.32,2
31.33,2
31.34,2
31.35,2
31.36,2
31.37,2
31.38,2
31.39,2
31.4,2
31.41,2
31.42,2
31.43,2
31.44,2
31.45,2
31.46,2
31.47,2
31.48,2
31.49,2
31.5,2
31.51,2
31.52,2
31.53,2
31.54,0
31.55,0
31.56,0
31.57,0
31.58,0
31.59,0
31.6,0
31.61,0
31.62,0
31.63,0
31.64,0
31.65,0
31.66,0
31.67,0
31.68,0
31.69,0
31.7,0
31.71,0
31.72,0
31.73,0
31.74,0
31.75,0
31.76,0
31.77,0
31.78,0
31.79,0
31.8,0
31.81,0
31.82,0
31.83,0
31.84,0
31.85,0
31.86,0
31.87,0
31.88,0
31.89,0
31.9,0
31.91,0
31.92,0
31.93,0
31.94,0
31.95,0
31.96,0
31.97,0
31.98,0
31.99,0
32.0,1
32.01,1
32.02,1
32.03,1
32.04,1
32.05,1
32.06,1
32.07,1
32.08,1
32.09,1
32.1,2
32.11,2
32.12,2
32.13,2
32.14,2
32.15,2
32.16,2
32.17,2
32.18,2
32.19,2
32.2,2
32.21,2
32.22,2
32.23,2
32.24,2
32.25,2
32.26,2
32.27,2
32.28,2
32.29,2
32.3,2
32.31,2
32.32,2
32.33,2
32.34,0
32.35,0
32.36,0
32.37,0
32.38,0
32.39,0
32.4,0
32.41,0
32.42,0
32.43,0
32.44,0
32.45,0
32.46,0
32.47,0
32.48,0
32.49,0
32.5,0
32.51,0
32.52,0
32.53,0
32.54,0
32.55,0
32.56,0
32.57,0
32.58,0
32.59,0
32.6,0
32.61,0
32.62,0
32.63,0
32.64,0
32.65,0
32.66,0
32.67,0
32.68,0
32.69,0
32.7,0
32.71,0
32.72,0
32.73,0
32.74,0
32.75,0
32.76,0
32.77,0
32.78,0
32.79,0
32.8,1
32.81,1
32.82,1
32.83,1
32.84,1
32.85,1
32.86,1
32.87,1
32.88,1
32.89,1
32.9,2
32.91,2
32.92,2
32.93,2
32.94,2
32.95,2
32.96,2
32.97,2
32.98,2
32.99,2
33.0,2
33.01,2
33.02,2
33.03,2
33.04,2
33.05,2
33.06,2
33.07,2
33.08,2
33.09,2
33.1,2
33.11,2
33.12,2
33.13,2
33.14,0
33.15,0
33.16,0
33.17,0
33.18,0
33.19,0
33.2,0
33.21,0
33.22,0
33.23,0
33.24,0
33.25,0
33.26,0
33.27,0
33.28,0
33.29,0
33.3,0
33.31,0
33.32,0
33.33,0
33.34,0
33.35,0
33.36,0
33.37,0
33.38,0
33.39,0
33.4,0
33.41,0
33.42,0
33.43,0
33.44,0
33.45,0
33.46,0
33.47,0
33.48,0
33.49,0
33.5,0
33.51,0
33.52,0
33.53,0
33.54,0
33.55,0
33.56,0
33.57,0
33.58,0
33.59,0
33.6,1
33.61,1
33.62,1
33.63,1
33.64,1
33.65,1
33.66,1
33.67,1
33.68,1
33.69,1
33.7,2
33.71,2
33.72,2
33.73,2
33.74,2
33.75,2
33.76,2
33.77,2
33.78,2
33.79,2
33.8,2
33.81,2
33.82,2
33.83,2
33.84,2
33.85,2
33.86,2
33.87,2
33.88,2
33.89,2
33.9,2
33.91,2
33.92,2
33.93,2
33.94,0
33.95,0
33.96,0
33.97,0
33.98,0
33.99,0
34.0,0
34.01,0
34.02,0
34.03,0
34.04,0
34.05,0
34.06,0
34.07,0
34.08,0
34.09,0
34.1,0
34.11,0
34.12,0
34.13,0
34.14,0
34.15,0
34.16,0
34.17,0
34.18,0
34.19,0
34.2,0
34.21,0
34.22,0
34.23,0
34.24,0
34.25,0
34.26,0
34.27,0
34.28,0
34.29,0
34.3,0
34.31,0
34.32,0
34.33,0
34.34,0
34.35,0
34.36,0
34.37,0
34.38,0
34.39,0
34.4,1
34.41,1
34.42,1
34.43,1
34.44,1
34.45,1
34.46,1
34.47,1
34.48,1
34.49,1
34.5,2
34.51,2
34.52,2
34.53,2
34.54,2
34.55,2
34.56,2
34.57,2
34.58,2
34.59,2
34.6,2
34.61,2
34.62,2
34.63,2
34.64,2
34.65,2
34.66,2
34.67,2
34.68,2
34.69,2
34.7,2
34.71,2
34.72,2
34.73,2
34.74,0
34.75,0
34.76,0
34.77,0
34.78,0
34.79,0
34.8,0
34.81,0
34.82,0
34.83,0
34.84,0
34.85,0
34.86,0
34.87,0
34.88,0
34.89,0
34.9,0
34.91,0
34.92,0
34.93,0
34.94,0
34.95,0
34.96,0
34.97,0
34.98,0
34.99,0
35.0,0
35.01,0
35.02,0
35.03,0
35.04,0
35.05,0
35.06,0
35.07,0
35.08,0
35.09,0
35.1,0
35.11,0
35.12,0
35.13,0
35.14,0
35.15,0
35.16,0
35.17,0
35.18,0
35.19,0
35.2,1
35.21,1
35.22,1
35.23,1
35.24,1
35.25,1
35.26,1
35.27,1
35.28,1
35.29,1
35.3,2
35.31,2
35.32,2
35.33,2
35.34,2
35.35,2
35.36,2
35.37,2
35.38,2
35.39,2
35.4,2
35.41,2
35.42,2
35.43,2
35.44,2
35.45,2
35.46,2
35.47,2
35.48,2
35.49,2
35.5,2
35.51,2
35.52,2
35.53,2
35.54,0
35.55,0
35.56,0
35.57,0
35.58,0
35.59,0
35.6,0
35.61,0
35.62,0
35.63,0
35.64,0
35.65,0
35.66,0
35.67,0
35.68,0
35.69,0
35.7,0
35.71,0
35.72,0
35.73,0
35.74,0
35.75,0
35.76,0
35.77,0
35.78,0
35.79,0
35.8,0
35.81,0
35.82,0
35.83,0
35.84,0
35.85,0
35.86,0
35.87,0
35.88,0
35.89,0
35.9,0
35.91,0
35.92,0
35.93,0
35.94,0
35.95,0
35.96,0
35.97,0
35.98,0
35.99,0
36.0,1
36.01,1
36.02,1
36.03,1
36.04,1
36.05,1
36.06,1
36.07,1
36.08,1
36.09,1
36.1,2
36.11,2
36.12,2
36.13,2
36.14,2
36.15,2
36.16,2
36.17,2
36.18,2
36.19,2
36.2,2
36.21,2
36.22,2
36.23,2
36.24,2
36.25,2
36.26,2
36.27,2
36.28,2
36.29,2
36.3,2
36.31,2
36.32,2
36.33,2
36.34,0
36.35,0
36.36,0
36.37,0
36.38,0
36.39,0
36.4,0
36.41,0
36.42,0
36.43,0
36.44,0
36.45,0
36.46,0
36.47,0
36.48,0
36.49,0
36.5,0
36.51,0
36.52,0
36.53,0
36.54,0
36.55,0
36.56,0
36.57,0
36.58,0
36.59,0
36.6,0
36.61,0
36.62,0
36.63,0
36.64,0
36.65,0
36.66,0
36.67,0
36.68,0
36.69,0
36.7,0
36.71,0
36.72,0
36.73,0
36.74,0
36.75,0
36.76,0
36.77,0
36.78,0
36.79,0
36.8,1
36.81,1
36.82,1
36.83,1
36.84,1
36.85,1
36.86,1
36.87,1
36.88,1
36.89,1
36.9,2
36.91,2
36.92,2
36.93,2
36.94,2
36.95,2
36.96,2
36.97,2
36.98,2
36.99,2
37.0,2
37.01,2
37.02,2
37.03,2
37.04,2
37.05,2
37.06,2
37.07,2
37.08,2
37.09,2
37.1,2
37.11,2
37.12,2
37.13,2
37.14,0
37.15,0
37.16,0
37.17,0
37.18,0
37.19,0
37.2,0
37.21,0
37.22,0
37.23,0
37.24,0
37.25,0
37.26,0
37.27,0
37.28,0
37.29,0
37.3,0
37.31,0
37.32,0
37.33,0
37.34,0
37.35,0
37.36,0
37.37,0
37.38,0
37.39,0
37.4,0
37.41,0
37.42,0
37.43,0
37.44,0
37.45,0
37.46,0
37.47,0
37.48,0
37.49,0
37.5,0
37.51,0
37.52,0
37.53,0
37.54,0
37.55,0
37.56,0
37.57,0
37.58,0
37.59,0
37.6,1
37.61,1
37.62,1
37.63,1
37.64,1
37.65,1
37.66,1
37.67,1
37.68,1
37.69,1
37.7,2
37.71,2
37.72,2
37.73,2
37.74,2
37.75,2
37.76,2
37.77,2
37.78,2
37.79,2
37.8,2
37.81,2
37.82,2
37.83,2
37.84,2
37.85,2
37.86,2
37.87,2
37.88,2
37.89,2
37.9,2
37.91,2
37.92,2
37.93,2
37.94,0
37.95,0
37.96,0
37.97,0
37.98,0
37.99,0
38.0,0
38.01,0
38.02,0
38.03,0
38.04,0
38.05,0
38.06,0
38.07,0
38.08,0
38.09,0
38.1,0
38.11,0
38.12,0
38.13,0
38.14,0
38.15,0
38.16,0
38.17,0
38.18,0
38.19,0
38.2,0
38.21,0
38.22,0
38.23,0
38.24,0
38.25,0
38.26,0
38.27,0
38.28,0
38.29,0
38.3,0
38.31,0
38.32,0
38.33,0
38.34,0
38.35,0
38.36,0
38.37,0
38.38,0
38.39,0
38.4,1
38.41,1
38.42,1
38.43,1
38.44,1
38.45,1
38.46,1
38.47,1
38.48,1
38.49,1
38.5,2
38.51,2
38.52,2
38.53,2
38.54,2
38.55,2
38.56,2
38.57,2
38.58,2
38.59,2
38.6,2
38.61,2
38.62,2
38.63,2
38.64,2
38.65,2
38.66,2
38.67,2
38.68,2
38.69,2
38.7,2
38.71,2
38.72,2
38.73,2
38.74,0
38.75,0
38.76,0
38.77,0
38.78,0
38.79,0
38.8,0
38.81,0
38.82,0
38.83,0
38.84,0
38.85,0
38.86,0
38.87,0
38.88,0
38.89,0
38.9,0
38.91,0
38.92,0
38.93,0
38.94,0
38.95,0
38.96,0
38.97,0
38.98,0
38.99,0
39.0,0
39.01,0
39.02,0
39.03,0
39.04,0
39.05,0
39.06,0
39.07,0
39.08,0
39.09,0
39.1,0
39.11,0
39.12,0
39.13,0
39.14,0
39.15,0
39.16,0
39.17,0
39.18,0
39.19,0
39.2,1
39.21,1
39.22,1
39.23,1
39.24,1
39.25,1
39.26,1
39.27,1
39.28,1
39.29,1
39.3,2
39.31,2
39.32,2
39.33,2
39.34,2
39.35,2
39.36,2
39.37,2
39.38,2
39.39,2
39.4,2
39.41,2
39.42,2
39.43,2
39.44,2
39.45,2
39.46,2
39.47,2
39.48,2
39.49,2
39.5,2
39.51,2
39.52,2
39.53,2
39.54,0
39.55,0
39.56,0
39.57,0
39.58,0
39.59,0
39.6,0
39.61,0
39.62,0
39.63,0
39.64,0
39.65,0
39.66,0
39.67,0
39.68,0
39.69,0
39.7,0
39.71,0
39.72,0
39.73,0
39.74,0
39.75,0
39.76,0
39.77,0
39.78,0
39.79,0
39.8,0
39.81,0
39.82,0
39.83,0
39.84,0
39.85,0
39.86,0
39.87,0
39.88,0
39.89,0
39.9,0
39.91,0
39.92,0
39.93,0
39.94,0
39.95,0
39.96,0
39.97,0
39.98,0
39.99,0
40.0,1
40.01,1
40.02,1
40.03,1
40.04,1
40.05,1
40.06,1
40.07,1
40.08,1
40.09,1
40.1,2
40.11,2
40.12,2
40.13,2
40.14,2
40.15,2
40.16,2
40.17,2
40.18,2
40.19,2
40.2,2
40.21,2
40.22,2
40.23,2
40.24,2
40.25,2
40.26,2
40.27,2
40.28,2
40.29,2
40.3,2
40.31,2
40.32,2
40.33,2
40.34,0
40.35,1
40.36,1
40.37,1
40.38,1
40.39,1
40.4,1
40.41,1
40.42,1
40.43,1
40.44,1
40.45,2
40.46,2
40.47,2
40.48,2
40.49,2
40.5,2
40.51,2
40.52,2
40.53,2
40.54,2
40.55,2
40.56,2
40.57,2
40.58,2
40.59,2
40.6,2
40.61,2
40.62,2
40.63,2
40.64,2
40.65,2
40.66,2
40.67,2
40.68,2
40.69,0
40.7,0
40.71,0
40.72,0
40.73,0
40.74,0
40.75,0
40.76,0
40.77,0
40.78,0
40.79,0
40.8,1
40.81,1
40.82,1
40.83,1
40.84,1
40.85,1
40.86,1
40.87,1
40.88,1
40.89,1
40.9,2
40.91,2
40.92,2
40.93,2
40.94,2
40.95,2
40.96,2
40.97,2
40.98,2
40.99,2
41.0,2
41.01,2
41.02,2
41.03,2
41.04,2
41.05,2
41.06,2
41.07,2
41.08,2
41.09,2
41.1,2
41.11,2
41.12,2
41.13,2
41.14,0
41.15,0
41.16,0
41.17,0
41.18,0
41.19,0
41.2,0
41.21,0
41.22,0
41.23,0
41.24,0
41.25,0
41.26,0
41.27,0
41.28,0
41.29,0
41.3,0
41.31,0
41.32,0
41.33,0
41.34,0
41.35,0
41.36,0
41.37,0
41.38,0
41.39,0
41.4,0
41.41,0
41.42,0
41.43,0
41.44,0
41.45,0
41.46,0
41.47,0
41.48,0
41.49,0
41.5,0
41.51,0
41.52,0
41.53,0
41.54,0
41.55,0
41.56,0
41.57,0
41.58,0
41.59,0
41.6,1
41.61,1
41.62,1
41.63,1
41.64,1
41.65,1
41.66,1
41.67,1
41.68,1
41.69,1
41.7,2
41.71,2
41.72,2
41.73,2
41.74,2
41.75,2
41.76,2
41.77,2
41.78,2
41.79,2
41.8,2
41.81,2
41.82,2
41.83,2
41.84,2
41.85,2
41.86,2
41.87,2
41.88,2
41.89,2
41.9,2
41.91,2
41.92,2
41.93,2
41.94,0
41.95,0
41.96,0
41.97,0
41.98,0
41.99,0
42.0,0
42.01,0
42.02,0
42.03,0
42.04,0
42.05,0
42.06,0
42.07,0
42.08,0
42.09,0
42.1,0
42.11,0
42.12,0
42.13,0
42.14,0
42.15,0
42.16,0
42.17,0
42.18,0
42.19,0
42.2,0
42.21,0
42.22,0
42.23,0
42.24,0
42.25,0
42.26,0
42.27,0
42.28,0
42.29,0
42.3,0
42.31,0
42.32,0
42.33,0
42.34,0
42.35,0
42.36,0
42.37,0
42.38,0
42.39,0
42.4,1
42.41,1
42.42,1
42.43,1
42.44,1
42.45,1
42.46,1
42.47,1
42.48,1
42.49,1
42.5,2
42.51,2
42.52,2
42.53,2
42.54,2
42.55,2
42.56,2
42.57,2
42.58,2
42.59,2
42.6,2
42.61,2
42.62,2
42.63,2
42.64,2
42.65,2
42.66,2
42.67,2
42.68,2
42.69,2
42.7,2
42.71,2
42.72,2
42.73,2
42.74,0
42.75,0
42.76,0
42.77,0
42.78,0
42.79,0
42.8,0
42.81,0
42.82,0
42.83,0
42.84,0
42.85,0
42.86,0
42.87,0
42.88,0
42.89,0
42.9,0
42.91,0
42.92,0
42.93,0
42.94,0
42.95,0
42.96,0
42.97,0
42.98,0
42.99,0
43.0,0
43.01,0
43.02,0
43.03,0
43.04,0
43.05,0
43.06,0
43.07,0
43.08,0
43.09,0
43.1,0
43.11,0
43.12,0
43.13,0
43.14,0
43.15,0
43.16,0
43.17,0
43.18,0
43.19,0
43.2,0
43.21,1
43.22,1
43.23,1
43.24,1
43.25,1
43.26,1
43.27,1
43.28,1
43.29,1
43.3,1
43.31,2
43.32,2
43.33,2
43.34,2
43.35,2
43.36,2
43.37,2
43.38,2
43.39,2
43.4,2
43.41,2
43.42,2
43.43,2
43.44,2
43.45,2
43.46,2
43.47,2
43.48,2
43.49,2
43.5,2
43.51,2
43.52,2
43.53,2
43.54,2
43.55,0
43.56,0
43.57,0
43.58,0
43.59,0
43.6,0
43.61,0
43.62,0
43.63,0
43.64,0
43.65,0
43.66,0
43.67,0
43.68,0
43.69,0
43.7,0
43.71,0
43.72,0
43.73,0
43.74,0
43.75,0
43.76,0
43.77,0
43.78,0
43.79,0
43.8,0
43.81,0
43.82,0
43.83,0
43.84,0
43.85,0
43.86,0
43.87,0
43.88,0
43.89,0
43.9,0
43.91,0
43.92,0
43.93,0
43.94,0
43.95,0
43.96,0
43.97,0
43.98,0
43.99,0
44.0,0
44.01,1
44.02,1
44.03,1
44.04,1
44.05,1
44.06,1
44.07,1
44.08,1
44.09,1
44.1,1
44.11,2
44.12,2
44.13,2
44.14,2
44.15,2
44.16,2
44.17,2
44.18,2
44.19,2
44.2,2
44.21,2
44.22,2
44.23,2
44.24,2
44.25,2
44.26,2
44.27,2
44.28,2
44.29,2
44.3,2
44.31,2
44.32,2
44.33,2
44.34,2
44.35,0
44.36,0
44.37,0
44.38,0
44.39,0
44.4,0
44.41,0
44.42,0
44.43,0
44.44,0
44.45,0
44.46,0
44.47,0
44.48,0
44.49,0
44.5,0
44.51,0
44.52,0
44.53,0
44.54,0
44.55,0
44.56,0
44.57,0
44.58,0
44.59,0
44.6,0
44.61,0
44.62,0
44.63,0
44.64,0
44.65,0
44.66,0
44.67,0
44.68,0
44.69,0
44.7,0
44.71,0
44.72,0
44.73,0
44.74,0
44.75,0
44.76,0
44.77,0
44.78,0
44.79,0
44.8,0
44.81,1
44.82,1
44.83,1
44.84,1
44.85,1
44.86,1
44.87,1
44.88,1
44.89,1
44.9,1
44.91,2
44.92,2
44.93,2
44.94,2
44.95,2
44.96,2
44.97,2
44.98,2
44.99,2
45.0,2
45.01,2
45.02,2
45.03,2
45.04,2
45.05,2
45.06,2
45.07,2
45.08,2
45.09,2
45.1,2
45.11,2
45.12,2
45.13,2
45.14,2
45.15,0
45.16,0
45.17,0
45.18,0
45.19,0
45.2,0
45.21,0
45.22,0
45.23,0
45.24,0
45.25,0
45.26,0
45.27,0
45.28,0
45.29,0
45.3,0
45.31,0
